physical_sample_id,scanner,feature,feature_label,role,expected_direction,baseline,clean,clean_minus_baseline
BCG1-1,LABscanner,lab_a_mean,Mean a* (redness),PRIMARY,decrease,36.11681295031279,25.470342333352484,-10.646470616960308
BCG1-1,TRIOS3,lab_a_mean,Mean a* (redness),PRIMARY,decrease,44.63031713649734,35.786379165025046,-8.843937971472293
BCG1-1,TRIOS5,lab_a_mean,Mean a* (redness),PRIMARY,decrease,33.399627632738735,26.883097487586923,-6.516530145151812
BCG1-1,iTERO,lab_a_mean,Mean a* (redness),PRIMARY,decrease,45.3709788963786,39.78841247513741,-5.582566421241189
BCG1-2,LABscanner,lab_a_mean,Mean a* (redness),PRIMARY,decrease,35.62882997748459,27.697216588672635,-7.931613388811957
BCG1-2,TRIOS3,lab_a_mean,Mean a* (redness),PRIMARY,decrease,44.97002398459517,35.52006726843033,-9.449956716164841
BCG1-2,TRIOS5,lab_a_mean,Mean a* (redness),PRIMARY,decrease,35.06156520870821,26.69024690702745,-8.371318301680759
BCG1-2,iTERO,lab_a_mean,Mean a* (redness),PRIMARY,decrease,52.99487712404011,40.938760732054014,-12.056116391986095
BCG1-3,LABscanner,lab_a_mean,Mean a* (redness),PRIMARY,decrease,37.54063018367766,30.24714808758249,-7.293482096095172
BCG1-3,TRIOS3,lab_a_mean,Mean a* (redness),PRIMARY,decrease,44.53683750505255,35.509980415669745,-9.026857089382808
BCG1-3,TRIOS5,lab_a_mean,Mean a* (redness),PRIMARY,decrease,37.98083212476057,27.416466784177988,-10.56436534058258
BCG1-3,iTERO,lab_a_mean,Mean a* (redness),PRIMARY,decrease,49.67943907885243,38.37025231181763,-11.309186767034802
BCG1-4,LABscanner,lab_a_mean,Mean a* (redness),PRIMARY,decrease,35.919423014487435,30.195068722334657,-5.724354292152778
BCG1-4,TRIOS3,lab_a_mean,Mean a* (redness),PRIMARY,decrease,44.67367135732368,36.81226137762548,-7.861409979698195
BCG1-4,TRIOS5,lab_a_mean,Mean a* (redness),PRIMARY,decrease,37.16118311585726,27.54528958344589,-9.615893532411373
BCG1-4,iTERO,lab_a_mean,Mean a* (redness),PRIMARY,decrease,50.596933528645614,39.527585781981344,-11.06934774666427
BCG1-5,LABscanner,lab_a_mean,Mean a* (redness),PRIMARY,decrease,35.32265426437409,28.8606256643005,-6.462028600073587
BCG1-5,TRIOS3,lab_a_mean,Mean a* (redness),PRIMARY,decrease,44.97219018793978,35.59029943209578,-9.381890755843997
BCG1-5,TRIOS5,lab_a_mean,Mean a* (redness),PRIMARY,decrease,39.40818950210621,28.437647001560634,-10.970542500545577
BCG1-5,iTERO,lab_a_mean,Mean a* (redness),PRIMARY,decrease,49.18624759500129,38.87692553127378,-10.309322063727514
BCG1-6,LABscanner,lab_a_mean,Mean a* (redness),PRIMARY,decrease,35.9799319616139,30.443616558510808,-5.536315403103092
BCG1-6,TRIOS3,lab_a_mean,Mean a* (redness),PRIMARY,decrease,44.41453589921738,35.72182059815311,-8.692715301064268
BCG1-6,TRIOS5,lab_a_mean,Mean a* (redness),PRIMARY,decrease,37.91263117486756,28.34940292496523,-9.563228249902334
BCG1-6,iTERO,lab_a_mean,Mean a* (redness),PRIMARY,decrease,45.24633795068333,39.14446305958204,-6.101874891101296
BCG1-7,LABscanner,lab_a_mean,Mean a* (redness),PRIMARY,decrease,33.44074459950409,28.040495199899173,-5.40024939960492
BCG1-7,TRIOS3,lab_a_mean,Mean a* (redness),PRIMARY,decrease,44.93565877058131,34.25431636103472,-10.681342409546595
BCG1-7,TRIOS5,lab_a_mean,Mean a* (redness),PRIMARY,decrease,37.69633878236422,25.21535859624993,-12.48098018611429
BCG1-7,iTERO,lab_a_mean,Mean a* (redness),PRIMARY,decrease,48.69668666360409,36.78767965787981,-11.909007005724277
BCG1-8,LABscanner,lab_a_mean,Mean a* (redness),PRIMARY,decrease,34.45152591510247,29.311972334175685,-5.139553580926787
BCG1-8,TRIOS3,lab_a_mean,Mean a* (redness),PRIMARY,decrease,47.35121427843158,35.38124422781725,-11.969970050614329
BCG1-8,TRIOS5,lab_a_mean,Mean a* (redness),PRIMARY,decrease,36.19608947065788,26.36011881000087,-9.835970660657011
BCG1-8,iTERO,lab_a_mean,Mean a* (redness),PRIMARY,decrease,51.72047012386705,39.64051239750045,-12.079957726366601
BCG2-1,LABscanner,lab_a_mean,Mean a* (redness),PRIMARY,decrease,36.13464237720915,30.972543765620618,-5.1620986115885295
BCG2-1,TRIOS3,lab_a_mean,Mean a* (redness),PRIMARY,decrease,45.77656652947407,36.40416653701762,-9.372399992456444
BCG2-1,TRIOS5,lab_a_mean,Mean a* (redness),PRIMARY,decrease,36.31529096456208,27.61563914409573,-8.69965182046635
BCG2-1,iTERO,lab_a_mean,Mean a* (redness),PRIMARY,decrease,50.50194806618853,42.493118758740906,-8.008829307447627
BCG2-2,LABscanner,lab_a_mean,Mean a* (redness),PRIMARY,decrease,34.80295955647514,30.46200773542757,-4.340951821047568
BCG2-2,TRIOS3,lab_a_mean,Mean a* (redness),PRIMARY,decrease,45.7078148580241,36.41719654904137,-9.29061830898273
BCG2-2,TRIOS5,lab_a_mean,Mean a* (redness),PRIMARY,decrease,39.62197002878003,27.17885936350208,-12.443110665277946
BCG2-2,iTERO,lab_a_mean,Mean a* (redness),PRIMARY,decrease,48.69905180272082,40.91675037596997,-7.782301426750848
BCG2-3,LABscanner,lab_a_mean,Mean a* (redness),PRIMARY,decrease,33.23126645824753,30.16205645462645,-3.069210003621084
BCG2-3,TRIOS3,lab_a_mean,Mean a* (redness),PRIMARY,decrease,47.047829275209885,36.59399514491899,-10.453834130290893
BCG2-3,TRIOS5,lab_a_mean,Mean a* (redness),PRIMARY,decrease,39.12574448030203,28.17055124278968,-10.95519323751235
BCG2-3,iTERO,lab_a_mean,Mean a* (redness),PRIMARY,decrease,49.42981420669531,41.12683682438008,-8.302977382315234
BCG2-4,LABscanner,lab_a_mean,Mean a* (redness),PRIMARY,decrease,33.68165031273236,28.13091835876203,-5.5507319539703275
BCG2-4,TRIOS3,lab_a_mean,Mean a* (redness),PRIMARY,decrease,45.24042902772096,36.62522262656449,-8.61520640115647
BCG2-4,TRIOS5,lab_a_mean,Mean a* (redness),PRIMARY,decrease,39.44348031043967,28.109727835905016,-11.333752474534652
BCG2-4,iTERO,lab_a_mean,Mean a* (redness),PRIMARY,decrease,51.996071757416495,41.2953805623848,-10.700691195031695
BCG2-5,LABscanner,lab_a_mean,Mean a* (redness),PRIMARY,decrease,33.97413237346059,28.913898859636426,-5.060233513824166
BCG2-5,TRIOS3,lab_a_mean,Mean a* (redness),PRIMARY,decrease,46.204495253339466,35.476272747301614,-10.728222506037852
BCG2-5,TRIOS5,lab_a_mean,Mean a* (redness),PRIMARY,decrease,38.39182795116706,27.65436751504602,-10.73746043612104
BCG2-5,iTERO,lab_a_mean,Mean a* (redness),PRIMARY,decrease,52.53052115142421,40.15018862653535,-12.380332524888857
BCG2-6,LABscanner,lab_a_mean,Mean a* (redness),PRIMARY,decrease,33.6646348741507,30.227393157484045,-3.437241716666655
BCG2-6,TRIOS3,lab_a_mean,Mean a* (redness),PRIMARY,decrease,46.13435562547578,36.92434341772704,-9.21001220774874
BCG2-6,TRIOS5,lab_a_mean,Mean a* (redness),PRIMARY,decrease,42.41079831053571,28.09068200639268,-14.320116304143031
BCG2-6,iTERO,lab_a_mean,Mean a* (redness),PRIMARY,decrease,51.43106902425966,40.43931931375628,-10.991749710503385
BCG2-7,LABscanner,lab_a_mean,Mean a* (redness),PRIMARY,decrease,34.92419652548669,28.69513668640665,-6.229059839080044
BCG2-7,TRIOS3,lab_a_mean,Mean a* (redness),PRIMARY,decrease,46.22197587056285,33.66562063434381,-12.55635523621904
BCG2-7,TRIOS5,lab_a_mean,Mean a* (redness),PRIMARY,decrease,40.35919062775652,24.44479725476046,-15.91439337299606
BCG2-7,iTERO,lab_a_mean,Mean a* (redness),PRIMARY,decrease,50.02716224102582,37.75014768287516,-12.277014558150661
BCG2-8,LABscanner,lab_a_mean,Mean a* (redness),PRIMARY,decrease,35.04904042195061,31.41151731945483,-3.637523102495777
BCG2-8,TRIOS3,lab_a_mean,Mean a* (redness),PRIMARY,decrease,44.389795995274376,34.467705316986546,-9.92209067828783
BCG2-8,TRIOS5,lab_a_mean,Mean a* (redness),PRIMARY,decrease,40.5026483880485,25.16228929230845,-15.340359095740048
BCG2-8,iTERO,lab_a_mean,Mean a* (redness),PRIMARY,decrease,50.61073628073175,38.68078639769362,-11.929949883038127
BCG3-1,LABscanner,lab_a_mean,Mean a* (redness),PRIMARY,decrease,34.760935313161816,30.15792593757208,-4.603009375589735
BCG3-1,TRIOS3,lab_a_mean,Mean a* (redness),PRIMARY,decrease,48.4958945964547,38.36594641021581,-10.129948186238884
BCG3-1,TRIOS5,lab_a_mean,Mean a* (redness),PRIMARY,decrease,40.52784631623146,28.027213307194693,-12.500633009036768
BCG3-1,iTERO,lab_a_mean,Mean a* (redness),PRIMARY,decrease,55.70636393352476,41.797436222373925,-13.908927711150838
BCG3-2,LABscanner,lab_a_mean,Mean a* (redness),PRIMARY,decrease,38.17024567327385,32.9351088524685,-5.235136820805344
BCG3-2,TRIOS3,lab_a_mean,Mean a* (redness),PRIMARY,decrease,47.00711696709815,38.34438567273778,-8.66273129436037
BCG3-2,TRIOS5,lab_a_mean,Mean a* (redness),PRIMARY,decrease,39.48501363770608,27.73271916540019,-11.752294472305891
BCG3-2,iTERO,lab_a_mean,Mean a* (redness),PRIMARY,decrease,50.54215385115292,40.41301323588603,-10.129140615266891
BCG3-3,LABscanner,lab_a_mean,Mean a* (redness),PRIMARY,decrease,34.92656448153354,29.240354526799223,-5.686209954734316
BCG3-3,TRIOS3,lab_a_mean,Mean a* (redness),PRIMARY,decrease,45.51755083105596,37.22928270977444,-8.288268121281519
BCG3-3,TRIOS5,lab_a_mean,Mean a* (redness),PRIMARY,decrease,39.77185138714556,28.72244220822035,-11.04940917892521
BCG3-3,iTERO,lab_a_mean,Mean a* (redness),PRIMARY,decrease,51.54303880820778,41.67941472090825,-9.863624087299534
BCG3-4,LABscanner,lab_a_mean,Mean a* (redness),PRIMARY,decrease,34.29557898646743,28.468115882306066,-5.827463104161367
BCG3-4,TRIOS3,lab_a_mean,Mean a* (redness),PRIMARY,decrease,44.55611567751488,36.44602615383717,-8.110089523677715
BCG3-4,TRIOS5,lab_a_mean,Mean a* (redness),PRIMARY,decrease,39.39971616440198,27.920250570464244,-11.479465593937736
BCG3-4,iTERO,lab_a_mean,Mean a* (redness),PRIMARY,decrease,51.6423403387826,40.72439713744614,-10.917943201336463
BCG3-5,LABscanner,lab_a_mean,Mean a* (redness),PRIMARY,decrease,36.4811657954511,30.252445851434103,-6.228719944016994
BCG3-5,TRIOS3,lab_a_mean,Mean a* (redness),PRIMARY,decrease,43.328145252425806,36.99755997354348,-6.3305852788823245
BCG3-5,TRIOS5,lab_a_mean,Mean a* (redness),PRIMARY,decrease,39.36673524901602,28.751046918615668,-10.61568833040035
BCG3-5,iTERO,lab_a_mean,Mean a* (redness),PRIMARY,decrease,50.3103617055221,41.66485634281212,-8.645505362709976
BCG3-6,LABscanner,lab_a_mean,Mean a* (redness),PRIMARY,decrease,34.458148279921446,27.930058109230394,-6.528090170691051
BCG3-6,TRIOS3,lab_a_mean,Mean a* (redness),PRIMARY,decrease,44.28065506438982,36.686014603017696,-7.594640461372123
BCG3-6,TRIOS5,lab_a_mean,Mean a* (redness),PRIMARY,decrease,40.007648932976,28.331048987795185,-11.676599945180811
BCG3-6,iTERO,lab_a_mean,Mean a* (redness),PRIMARY,decrease,50.70098665966429,41.019809736216814,-9.681176923447474
BCG3-7,LABscanner,lab_a_mean,Mean a* (redness),PRIMARY,decrease,35.472945622944515,31.216869051116003,-4.256076571828512
BCG3-7,TRIOS3,lab_a_mean,Mean a* (redness),PRIMARY,decrease,45.00733194978173,36.56275993540826,-8.44457201437347
BCG3-7,TRIOS5,lab_a_mean,Mean a* (redness),PRIMARY,decrease,38.78199412193584,29.28169228252207,-9.500301839413769
BCG3-7,iTERO,lab_a_mean,Mean a* (redness),PRIMARY,decrease,49.52441947209276,39.77914761107184,-9.745271861020917
BCG3-8,LABscanner,lab_a_mean,Mean a* (redness),PRIMARY,decrease,35.554034436354144,30.211643367933803,-5.342391068420341
BCG3-8,TRIOS3,lab_a_mean,Mean a* (redness),PRIMARY,decrease,43.82194745023343,38.70725995579443,-5.1146874944390035
BCG3-8,TRIOS5,lab_a_mean,Mean a* (redness),PRIMARY,decrease,41.259951558434025,30.144211978762623,-11.115739579671402
BCG3-8,iTERO,lab_a_mean,Mean a* (redness),PRIMARY,decrease,50.04723022629347,41.90451077806394,-8.142719448229535
BCG4-1,LABscanner,lab_a_mean,Mean a* (redness),PRIMARY,decrease,31.18601942553443,20.017373384537528,-11.1686460409969
BCG4-1,TRIOS3,lab_a_mean,Mean a* (redness),PRIMARY,decrease,49.50490394089844,35.0777125605996,-14.427191380298837
BCG4-1,TRIOS5,lab_a_mean,Mean a* (redness),PRIMARY,decrease,42.493622346259805,26.151269860082323,-16.342352486177482
BCG4-1,iTERO,lab_a_mean,Mean a* (redness),PRIMARY,decrease,59.31043941017909,41.29152995233838,-18.018909457840714
BCG4-2,LABscanner,lab_a_mean,Mean a* (redness),PRIMARY,decrease,31.03158027111779,23.22328140111516,-7.808298870002631
BCG4-2,TRIOS3,lab_a_mean,Mean a* (redness),PRIMARY,decrease,47.45616370083978,35.452890995679894,-12.003272705159887
BCG4-2,TRIOS5,lab_a_mean,Mean a* (redness),PRIMARY,decrease,39.13066236715863,27.141781314956887,-11.98888105220174
BCG4-2,iTERO,lab_a_mean,Mean a* (redness),PRIMARY,decrease,57.449008752167735,40.81063525321812,-16.638373498949612
BCG4-3,LABscanner,lab_a_mean,Mean a* (redness),PRIMARY,decrease,30.4988304000667,24.88085750189946,-5.617972898167242
BCG4-3,TRIOS3,lab_a_mean,Mean a* (redness),PRIMARY,decrease,46.65343206494879,34.73299420945194,-11.92043785549685
BCG4-3,TRIOS5,lab_a_mean,Mean a* (redness),PRIMARY,decrease,42.15707758171459,26.9276793695864,-15.229398212128189
BCG4-3,iTERO,lab_a_mean,Mean a* (redness),PRIMARY,decrease,55.97677446404669,39.07396001540774,-16.90281444863895
BCG4-4,LABscanner,lab_a_mean,Mean a* (redness),PRIMARY,decrease,28.35467235800628,23.645661027688213,-4.7090113303180665
BCG4-4,TRIOS3,lab_a_mean,Mean a* (redness),PRIMARY,decrease,48.0321926920686,35.686340741439594,-12.345851950629005
BCG4-4,TRIOS5,lab_a_mean,Mean a* (redness),PRIMARY,decrease,42.48938749981864,26.12077251431569,-16.36861498550295
BCG4-4,iTERO,lab_a_mean,Mean a* (redness),PRIMARY,decrease,57.35970037198119,41.03052832397228,-16.329172048008914
BCG4-5,LABscanner,lab_a_mean,Mean a* (redness),PRIMARY,decrease,30.509580257414864,24.121074865998025,-6.388505391416839
BCG4-5,TRIOS3,lab_a_mean,Mean a* (redness),PRIMARY,decrease,45.698736638972,36.38208378546906,-9.316652853502944
BCG4-5,TRIOS5,lab_a_mean,Mean a* (redness),PRIMARY,decrease,39.83527387332792,27.14147711711714,-12.69379675621078
BCG4-5,iTERO,lab_a_mean,Mean a* (redness),PRIMARY,decrease,57.26986815398946,41.5015304056523,-15.76833774833716
BCG4-6,LABscanner,lab_a_mean,Mean a* (redness),PRIMARY,decrease,27.3289700549626,21.45749786637069,-5.871472188591909
BCG4-6,TRIOS3,lab_a_mean,Mean a* (redness),PRIMARY,decrease,46.793097297718525,35.31838951823795,-11.474707779480575
BCG4-6,TRIOS5,lab_a_mean,Mean a* (redness),PRIMARY,decrease,43.61836845580995,27.24167494271589,-16.37669351309406
BCG4-6,iTERO,lab_a_mean,Mean a* (redness),PRIMARY,decrease,54.27220373575207,39.31551067525521,-14.95669306049686
BCG4-7,LABscanner,lab_a_mean,Mean a* (redness),PRIMARY,decrease,28.1496864041246,24.540464378809787,-3.609222025314814
BCG4-7,TRIOS3,lab_a_mean,Mean a* (redness),PRIMARY,decrease,45.94146038133622,35.248967913359834,-10.692492467976386
BCG4-7,TRIOS5,lab_a_mean,Mean a* (redness),PRIMARY,decrease,42.163772575814,27.644432174261528,-14.519340401552473
BCG4-7,iTERO,lab_a_mean,Mean a* (redness),PRIMARY,decrease,59.22562393592244,42.9482441835932,-16.277379752329246
BCG4-8,LABscanner,lab_a_mean,Mean a* (redness),PRIMARY,decrease,28.644634454788417,23.91252200066845,-4.732112454119967
BCG4-8,TRIOS3,lab_a_mean,Mean a* (redness),PRIMARY,decrease,46.31587880602031,37.5955335295679,-8.720345276452406
BCG4-8,TRIOS5,lab_a_mean,Mean a* (redness),PRIMARY,decrease,40.91342311208472,28.636021264772573,-12.277401847312149
BCG4-8,iTERO,lab_a_mean,Mean a* (redness),PRIMARY,decrease,55.7275577922268,43.71140246342106,-12.016155328805738
BCG1-1,LABscanner,lab_chroma_mean,Mean C*ab (chroma),PRIMARY,decrease,46.96433362588622,33.967942008112935,-12.996391617773284
BCG1-1,TRIOS3,lab_chroma_mean,Mean C*ab (chroma),PRIMARY,decrease,51.29537895391236,39.596350701210326,-11.699028252702036
BCG1-1,TRIOS5,lab_chroma_mean,Mean C*ab (chroma),PRIMARY,decrease,38.87450265180157,29.12051085143668,-9.75399180036489
BCG1-1,iTERO,lab_chroma_mean,Mean C*ab (chroma),PRIMARY,decrease,49.90318899809174,41.53133066958311,-8.37185832850863
BCG1-2,LABscanner,lab_chroma_mean,Mean C*ab (chroma),PRIMARY,decrease,44.6711956488272,36.77626473365112,-7.894930915176083
BCG1-2,TRIOS3,lab_chroma_mean,Mean C*ab (chroma),PRIMARY,decrease,50.30756549112483,39.5215295564973,-10.786035934627527
BCG1-2,TRIOS5,lab_chroma_mean,Mean C*ab (chroma),PRIMARY,decrease,39.66750847640087,28.88223246725145,-10.78527600914942
BCG1-2,iTERO,lab_chroma_mean,Mean C*ab (chroma),PRIMARY,decrease,55.96359334599644,42.85623348851133,-13.107359857485115
BCG1-3,LABscanner,lab_chroma_mean,Mean C*ab (chroma),PRIMARY,decrease,46.9902765159737,39.83829978213565,-7.1519767338380476
BCG1-3,TRIOS3,lab_chroma_mean,Mean C*ab (chroma),PRIMARY,decrease,50.41191919976664,39.86503897456711,-10.54688022519953
BCG1-3,TRIOS5,lab_chroma_mean,Mean C*ab (chroma),PRIMARY,decrease,41.83634798432106,29.772676713877296,-12.063671270443763
BCG1-3,iTERO,lab_chroma_mean,Mean C*ab (chroma),PRIMARY,decrease,53.951799321247805,40.148479994835256,-13.803319326412549
BCG1-4,LABscanner,lab_chroma_mean,Mean C*ab (chroma),PRIMARY,decrease,45.3148050392228,39.02762802739361,-6.287177011829186
BCG1-4,TRIOS3,lab_chroma_mean,Mean C*ab (chroma),PRIMARY,decrease,49.6820799770248,41.194069727346765,-8.488010249678034
BCG1-4,TRIOS5,lab_chroma_mean,Mean C*ab (chroma),PRIMARY,decrease,40.830503906945786,30.01723572518292,-10.813268181762865
BCG1-4,iTERO,lab_chroma_mean,Mean C*ab (chroma),PRIMARY,decrease,53.5373416555915,41.63898456866124,-11.898357086930254
BCG1-5,LABscanner,lab_chroma_mean,Mean C*ab (chroma),PRIMARY,decrease,41.88291023455776,37.96717297892444,-3.9157372556333243
BCG1-5,TRIOS3,lab_chroma_mean,Mean C*ab (chroma),PRIMARY,decrease,49.93298677967987,40.20716485186876,-9.725821927811111
BCG1-5,TRIOS5,lab_chroma_mean,Mean C*ab (chroma),PRIMARY,decrease,43.15865601115706,31.213499744797367,-11.945156266359696
BCG1-5,iTERO,lab_chroma_mean,Mean C*ab (chroma),PRIMARY,decrease,52.70009538881958,41.0003495018341,-11.699745886985475
BCG1-6,LABscanner,lab_chroma_mean,Mean C*ab (chroma),PRIMARY,decrease,43.2967754690985,39.22088335953553,-4.075892109562972
BCG1-6,TRIOS3,lab_chroma_mean,Mean C*ab (chroma),PRIMARY,decrease,51.45454567856691,40.2652991030685,-11.189246575498409
BCG1-6,TRIOS5,lab_chroma_mean,Mean C*ab (chroma),PRIMARY,decrease,42.56627635381874,30.912252516799985,-11.654023837018759
BCG1-6,iTERO,lab_chroma_mean,Mean C*ab (chroma),PRIMARY,decrease,49.42532264011523,41.36899731438269,-8.056325325732544
BCG1-7,LABscanner,lab_chroma_mean,Mean C*ab (chroma),PRIMARY,decrease,40.17733079755126,37.10572891265764,-3.0716018848936173
BCG1-7,TRIOS3,lab_chroma_mean,Mean C*ab (chroma),PRIMARY,decrease,49.83205927106776,38.90570362924486,-10.926355641822902
BCG1-7,TRIOS5,lab_chroma_mean,Mean C*ab (chroma),PRIMARY,decrease,41.20735148727142,28.01959325250198,-13.187758234769436
BCG1-7,iTERO,lab_chroma_mean,Mean C*ab (chroma),PRIMARY,decrease,51.32925867733759,38.87118388877683,-12.458074788560765
BCG1-8,LABscanner,lab_chroma_mean,Mean C*ab (chroma),PRIMARY,decrease,40.86467578929236,37.96704843879651,-2.8976273504958527
BCG1-8,TRIOS3,lab_chroma_mean,Mean C*ab (chroma),PRIMARY,decrease,53.21895796599735,39.85165263377227,-13.36730533222508
BCG1-8,TRIOS5,lab_chroma_mean,Mean C*ab (chroma),PRIMARY,decrease,40.5471193244566,28.61808665927348,-11.929032665183122
BCG1-8,iTERO,lab_chroma_mean,Mean C*ab (chroma),PRIMARY,decrease,55.50201942540712,41.60698037601584,-13.89503904939128
BCG2-1,LABscanner,lab_chroma_mean,Mean C*ab (chroma),PRIMARY,decrease,44.86612141162633,40.76439099694104,-4.101730414685292
BCG2-1,TRIOS3,lab_chroma_mean,Mean C*ab (chroma),PRIMARY,decrease,51.755637524700354,40.7601615399579,-10.995475984742455
BCG2-1,TRIOS5,lab_chroma_mean,Mean C*ab (chroma),PRIMARY,decrease,40.50900166271349,29.94162574308797,-10.567375919625515
BCG2-1,iTERO,lab_chroma_mean,Mean C*ab (chroma),PRIMARY,decrease,53.30148385583267,44.27918331195774,-9.022300543874934
BCG2-2,LABscanner,lab_chroma_mean,Mean C*ab (chroma),PRIMARY,decrease,45.0612226584233,40.34883889231554,-4.712383766107756
BCG2-2,TRIOS3,lab_chroma_mean,Mean C*ab (chroma),PRIMARY,decrease,52.13367576609208,40.998997957601176,-11.134677808490906
BCG2-2,TRIOS5,lab_chroma_mean,Mean C*ab (chroma),PRIMARY,decrease,43.32105688287053,29.90113141829522,-13.41992546457531
BCG2-2,iTERO,lab_chroma_mean,Mean C*ab (chroma),PRIMARY,decrease,51.58843688605412,42.76169340116156,-8.82674348489256
BCG2-3,LABscanner,lab_chroma_mean,Mean C*ab (chroma),PRIMARY,decrease,43.290722068770926,39.83594961923885,-3.454772449532072
BCG2-3,TRIOS3,lab_chroma_mean,Mean C*ab (chroma),PRIMARY,decrease,53.521704261838096,40.93500786080645,-12.586696401031645
BCG2-3,TRIOS5,lab_chroma_mean,Mean C*ab (chroma),PRIMARY,decrease,42.8403908546746,30.196387990015243,-12.64400286465936
BCG2-3,iTERO,lab_chroma_mean,Mean C*ab (chroma),PRIMARY,decrease,52.796781829623264,42.95927167198722,-9.837510157636046
BCG2-4,LABscanner,lab_chroma_mean,Mean C*ab (chroma),PRIMARY,decrease,44.19850382175312,37.633024303498296,-6.565479518254826
BCG2-4,TRIOS3,lab_chroma_mean,Mean C*ab (chroma),PRIMARY,decrease,50.76776377079217,41.63509635317592,-9.132667417616254
BCG2-4,TRIOS5,lab_chroma_mean,Mean C*ab (chroma),PRIMARY,decrease,42.63049275082839,30.885701375450484,-11.744791375377904
BCG2-4,iTERO,lab_chroma_mean,Mean C*ab (chroma),PRIMARY,decrease,54.6256480670058,43.46179431375931,-11.163853753246485
BCG2-5,LABscanner,lab_chroma_mean,Mean C*ab (chroma),PRIMARY,decrease,43.2851362126887,38.59836215102013,-4.686774061668565
BCG2-5,TRIOS3,lab_chroma_mean,Mean C*ab (chroma),PRIMARY,decrease,51.65602097997007,40.11661493753519,-11.539406042434884
BCG2-5,TRIOS5,lab_chroma_mean,Mean C*ab (chroma),PRIMARY,decrease,41.62015263631209,30.32503231370921,-11.29512032260288
BCG2-5,iTERO,lab_chroma_mean,Mean C*ab (chroma),PRIMARY,decrease,54.94703189376708,42.067943500230136,-12.879088393536946
BCG2-6,LABscanner,lab_chroma_mean,Mean C*ab (chroma),PRIMARY,decrease,44.01343131273173,40.20012548137304,-3.81330583135869
BCG2-6,TRIOS3,lab_chroma_mean,Mean C*ab (chroma),PRIMARY,decrease,51.12839514109866,42.08550866646299,-9.042886474635665
BCG2-6,TRIOS5,lab_chroma_mean,Mean C*ab (chroma),PRIMARY,decrease,45.0421430937984,31.175878547075563,-13.866264546722839
BCG2-6,iTERO,lab_chroma_mean,Mean C*ab (chroma),PRIMARY,decrease,54.09041088005663,42.66582095291693,-11.4245899271397
BCG2-7,LABscanner,lab_chroma_mean,Mean C*ab (chroma),PRIMARY,decrease,45.91299694664748,39.28532479955059,-6.627672147096895
BCG2-7,TRIOS3,lab_chroma_mean,Mean C*ab (chroma),PRIMARY,decrease,51.164812221353536,38.56184954675353,-12.602962674600008
BCG2-7,TRIOS5,lab_chroma_mean,Mean C*ab (chroma),PRIMARY,decrease,43.425351004599165,28.090988185221345,-15.33436281937782
BCG2-7,iTERO,lab_chroma_mean,Mean C*ab (chroma),PRIMARY,decrease,53.174026468722445,40.36094850252269,-12.813077966199756
BCG2-8,LABscanner,lab_chroma_mean,Mean C*ab (chroma),PRIMARY,decrease,44.283323457615225,42.355767369955466,-1.9275560876597595
BCG2-8,TRIOS3,lab_chroma_mean,Mean C*ab (chroma),PRIMARY,decrease,48.90882380126404,39.41084887783973,-9.497974923424309
BCG2-8,TRIOS5,lab_chroma_mean,Mean C*ab (chroma),PRIMARY,decrease,43.20412994326388,28.12272358546688,-15.081406357797
BCG2-8,iTERO,lab_chroma_mean,Mean C*ab (chroma),PRIMARY,decrease,53.14229003823801,40.96315048584808,-12.179139552389927
BCG3-1,LABscanner,lab_chroma_mean,Mean C*ab (chroma),PRIMARY,decrease,42.47056550064395,38.26485955106737,-4.205705949576583
BCG3-1,TRIOS3,lab_chroma_mean,Mean C*ab (chroma),PRIMARY,decrease,54.34727155720616,42.26415042921884,-12.083121127987326
BCG3-1,TRIOS5,lab_chroma_mean,Mean C*ab (chroma),PRIMARY,decrease,43.161435866574045,29.762123079819165,-13.39931278675488
BCG3-1,iTERO,lab_chroma_mean,Mean C*ab (chroma),PRIMARY,decrease,57.7620456214623,43.15466982866426,-14.607375792798038
BCG3-2,LABscanner,lab_chroma_mean,Mean C*ab (chroma),PRIMARY,decrease,47.56918821298019,42.16933364670292,-5.39985456627727
BCG3-2,TRIOS3,lab_chroma_mean,Mean C*ab (chroma),PRIMARY,decrease,51.70186842670981,42.20830916829086,-9.493559258418948
BCG3-2,TRIOS5,lab_chroma_mean,Mean C*ab (chroma),PRIMARY,decrease,41.43770758268685,29.46055597480201,-11.977151607884839
BCG3-2,iTERO,lab_chroma_mean,Mean C*ab (chroma),PRIMARY,decrease,52.31229552633056,41.6580536786066,-10.65424184772396
BCG3-3,LABscanner,lab_chroma_mean,Mean C*ab (chroma),PRIMARY,decrease,44.55683984644326,37.50999642808081,-7.0468434183624495
BCG3-3,TRIOS3,lab_chroma_mean,Mean C*ab (chroma),PRIMARY,decrease,51.147973064319686,41.617034678755445,-9.530938385564241
BCG3-3,TRIOS5,lab_chroma_mean,Mean C*ab (chroma),PRIMARY,decrease,42.68436425380985,30.79340506260657,-11.890959191203283
BCG3-3,iTERO,lab_chroma_mean,Mean C*ab (chroma),PRIMARY,decrease,54.53500198442544,43.24680538072646,-11.288196603698985
BCG3-4,LABscanner,lab_chroma_mean,Mean C*ab (chroma),PRIMARY,decrease,43.73424379801752,36.47869924857471,-7.25554454944281
BCG3-4,TRIOS3,lab_chroma_mean,Mean C*ab (chroma),PRIMARY,decrease,49.46741989966534,40.56902934033409,-8.898390559331247
BCG3-4,TRIOS5,lab_chroma_mean,Mean C*ab (chroma),PRIMARY,decrease,41.8417060469048,29.85163336768537,-11.990072679219427
BCG3-4,iTERO,lab_chroma_mean,Mean C*ab (chroma),PRIMARY,decrease,53.86876101418888,42.28713521113506,-11.581625803053818
BCG3-5,LABscanner,lab_chroma_mean,Mean C*ab (chroma),PRIMARY,decrease,46.66178917005515,38.3089838457149,-8.352805324340252
BCG3-5,TRIOS3,lab_chroma_mean,Mean C*ab (chroma),PRIMARY,decrease,48.5346858120551,40.789472114438944,-7.745213697616158
BCG3-5,TRIOS5,lab_chroma_mean,Mean C*ab (chroma),PRIMARY,decrease,41.78386784558192,30.642384809773937,-11.141483035807987
BCG3-5,iTERO,lab_chroma_mean,Mean C*ab (chroma),PRIMARY,decrease,52.73693431004591,43.14312731858529,-9.593806991460617
BCG3-6,LABscanner,lab_chroma_mean,Mean C*ab (chroma),PRIMARY,decrease,44.03223370044244,36.21706898540174,-7.8151647150407015
BCG3-6,TRIOS3,lab_chroma_mean,Mean C*ab (chroma),PRIMARY,decrease,49.044584517069566,40.84127513770898,-8.203309379360583
BCG3-6,TRIOS5,lab_chroma_mean,Mean C*ab (chroma),PRIMARY,decrease,42.53544071517434,30.02150966704468,-12.51393104812966
BCG3-6,iTERO,lab_chroma_mean,Mean C*ab (chroma),PRIMARY,decrease,52.65704257111715,42.77087396177679,-9.88616860934036
BCG3-7,LABscanner,lab_chroma_mean,Mean C*ab (chroma),PRIMARY,decrease,44.38465651131283,40.22819176132153,-4.156464749991301
BCG3-7,TRIOS3,lab_chroma_mean,Mean C*ab (chroma),PRIMARY,decrease,49.73628247404709,40.4447232970649,-9.29155917698219
BCG3-7,TRIOS5,lab_chroma_mean,Mean C*ab (chroma),PRIMARY,decrease,41.06564321231493,31.21933551982809,-9.846307692486842
BCG3-7,iTERO,lab_chroma_mean,Mean C*ab (chroma),PRIMARY,decrease,51.45848810140564,41.28748296035336,-10.171005141052284
BCG3-8,LABscanner,lab_chroma_mean,Mean C*ab (chroma),PRIMARY,decrease,46.4469776446127,38.27216469802624,-8.174812946586464
BCG3-8,TRIOS3,lab_chroma_mean,Mean C*ab (chroma),PRIMARY,decrease,49.50261437668859,42.41968482674985,-7.08292954993874
BCG3-8,TRIOS5,lab_chroma_mean,Mean C*ab (chroma),PRIMARY,decrease,44.63176389438238,31.965052255431367,-12.666711638951014
BCG3-8,iTERO,lab_chroma_mean,Mean C*ab (chroma),PRIMARY,decrease,52.95498132463342,43.27880999086432,-9.676171333769105
BCG4-1,LABscanner,lab_chroma_mean,Mean C*ab (chroma),PRIMARY,decrease,39.71814242588432,29.187333912508425,-10.530808513375892
BCG4-1,TRIOS3,lab_chroma_mean,Mean C*ab (chroma),PRIMARY,decrease,52.89122817449625,39.30341404105236,-13.587814133443885
BCG4-1,TRIOS5,lab_chroma_mean,Mean C*ab (chroma),PRIMARY,decrease,43.79217938433717,28.27718652229581,-15.514992862041357
BCG4-1,iTERO,lab_chroma_mean,Mean C*ab (chroma),PRIMARY,decrease,60.48561782636045,43.08479165135015,-17.4008261750103
BCG4-2,LABscanner,lab_chroma_mean,Mean C*ab (chroma),PRIMARY,decrease,39.36937550926484,32.29958955388548,-7.069785955379359
BCG4-2,TRIOS3,lab_chroma_mean,Mean C*ab (chroma),PRIMARY,decrease,51.069184957528414,40.019072522762286,-11.050112434766127
BCG4-2,TRIOS5,lab_chroma_mean,Mean C*ab (chroma),PRIMARY,decrease,41.366873363868095,29.660741994529715,-11.70613136933838
BCG4-2,iTERO,lab_chroma_mean,Mean C*ab (chroma),PRIMARY,decrease,58.8707406211729,42.80349243953047,-16.067248181642427
BCG4-3,LABscanner,lab_chroma_mean,Mean C*ab (chroma),PRIMARY,decrease,40.51592731803051,34.441406952806425,-6.074520365224089
BCG4-3,TRIOS3,lab_chroma_mean,Mean C*ab (chroma),PRIMARY,decrease,50.68775315458945,39.020296216850205,-11.667456937739246
BCG4-3,TRIOS5,lab_chroma_mean,Mean C*ab (chroma),PRIMARY,decrease,44.60399308731588,29.301481272290864,-15.302511815025014
BCG4-3,iTERO,lab_chroma_mean,Mean C*ab (chroma),PRIMARY,decrease,57.99075301579754,40.72224540786362,-17.26850760793392
BCG4-4,LABscanner,lab_chroma_mean,Mean C*ab (chroma),PRIMARY,decrease,38.98047493043568,31.766906903803463,-7.21356802663222
BCG4-4,TRIOS3,lab_chroma_mean,Mean C*ab (chroma),PRIMARY,decrease,52.90573906033207,39.90253948881739,-13.003199571514678
BCG4-4,TRIOS5,lab_chroma_mean,Mean C*ab (chroma),PRIMARY,decrease,44.6280539648593,28.09564548788061,-16.532408476978688
BCG4-4,iTERO,lab_chroma_mean,Mean C*ab (chroma),PRIMARY,decrease,59.28935660910528,42.68977039797519,-16.599586211130095
BCG4-5,LABscanner,lab_chroma_mean,Mean C*ab (chroma),PRIMARY,decrease,38.7811343544162,32.67705915801893,-6.104075196397275
BCG4-5,TRIOS3,lab_chroma_mean,Mean C*ab (chroma),PRIMARY,decrease,49.12564008300425,40.82461177033392,-8.301028312670333
BCG4-5,TRIOS5,lab_chroma_mean,Mean C*ab (chroma),PRIMARY,decrease,41.71146586968949,29.57815471495673,-12.133311154732759
BCG4-5,iTERO,lab_chroma_mean,Mean C*ab (chroma),PRIMARY,decrease,58.74370840948076,43.78307849455018,-14.960629914930578
BCG4-6,LABscanner,lab_chroma_mean,Mean C*ab (chroma),PRIMARY,decrease,39.8259092661913,29.094123398245223,-10.73178586794608
BCG4-6,TRIOS3,lab_chroma_mean,Mean C*ab (chroma),PRIMARY,decrease,53.00208823052485,38.78943451552551,-14.212653714999341
BCG4-6,TRIOS5,lab_chroma_mean,Mean C*ab (chroma),PRIMARY,decrease,46.85453969279745,28.995791143486034,-17.858748549311418
BCG4-6,iTERO,lab_chroma_mean,Mean C*ab (chroma),PRIMARY,decrease,57.5849044239156,40.91960204790099,-16.665302376014616
BCG4-7,LABscanner,lab_chroma_mean,Mean C*ab (chroma),PRIMARY,decrease,37.163056721927845,33.46220561687745,-3.700851105050397
BCG4-7,TRIOS3,lab_chroma_mean,Mean C*ab (chroma),PRIMARY,decrease,49.76191930350206,39.67482895190439,-10.087090351597674
BCG4-7,TRIOS5,lab_chroma_mean,Mean C*ab (chroma),PRIMARY,decrease,43.9220647179758,30.03044179933812,-13.89162291863768
BCG4-7,iTERO,lab_chroma_mean,Mean C*ab (chroma),PRIMARY,decrease,61.18290608107437,45.67236830004544,-15.51053778102893
BCG4-8,LABscanner,lab_chroma_mean,Mean C*ab (chroma),PRIMARY,decrease,39.425392144295,30.87348508666883,-8.551907057626174
BCG4-8,TRIOS3,lab_chroma_mean,Mean C*ab (chroma),PRIMARY,decrease,50.35184327316273,41.49288982143453,-8.858953451728198
BCG4-8,TRIOS5,lab_chroma_mean,Mean C*ab (chroma),PRIMARY,decrease,43.12096253304193,30.549750909630383,-12.57121162341155
BCG4-8,iTERO,lab_chroma_mean,Mean C*ab (chroma),PRIMARY,decrease,57.86034202697534,45.56663157412203,-12.293710452853311
BCG1-1,LABscanner,color_cluster_1_fraction,Reddest-cluster fraction,SECONDARY,decrease,0.7204625645000102,0.0,-0.7204625645000102
BCG1-1,TRIOS3,color_cluster_1_fraction,Reddest-cluster fraction,SECONDARY,decrease,0.6058155327818249,0.0,-0.6058155327818249
BCG1-1,TRIOS5,color_cluster_1_fraction,Reddest-cluster fraction,SECONDARY,decrease,0.0001812871386846,0.0001027369113174,-7.855022736719999e-05
BCG1-1,iTERO,color_cluster_1_fraction,Reddest-cluster fraction,SECONDARY,decrease,0.0362631355160055,0.0027762229933952,-0.033486912522610296
BCG1-2,LABscanner,color_cluster_1_fraction,Reddest-cluster fraction,SECONDARY,decrease,0.651294369888033,0.0,-0.651294369888033
BCG1-2,TRIOS3,color_cluster_1_fraction,Reddest-cluster fraction,SECONDARY,decrease,0.3466529226291535,0.0,-0.3466529226291535
BCG1-2,TRIOS5,color_cluster_1_fraction,Reddest-cluster fraction,SECONDARY,decrease,0.0093239144154231,0.0,-0.0093239144154231
BCG1-2,iTERO,color_cluster_1_fraction,Reddest-cluster fraction,SECONDARY,decrease,0.5247707181748545,0.0,-0.5247707181748545
BCG1-3,LABscanner,color_cluster_1_fraction,Reddest-cluster fraction,SECONDARY,decrease,0.8453881098163144,0.0014697412063794,-0.843918368609935
BCG1-3,TRIOS3,color_cluster_1_fraction,Reddest-cluster fraction,SECONDARY,decrease,0.3447473752593307,0.0,-0.3447473752593307
BCG1-3,TRIOS5,color_cluster_1_fraction,Reddest-cluster fraction,SECONDARY,decrease,0.567202476885232,0.0,-0.567202476885232
BCG1-3,iTERO,color_cluster_1_fraction,Reddest-cluster fraction,SECONDARY,decrease,0.1431092026104887,0.0,-0.1431092026104887
BCG1-4,LABscanner,color_cluster_1_fraction,Reddest-cluster fraction,SECONDARY,decrease,0.6767374593866392,0.0,-0.6767374593866392
BCG1-4,TRIOS3,color_cluster_1_fraction,Reddest-cluster fraction,SECONDARY,decrease,0.3900429875272642,0.0,-0.3900429875272642
BCG1-4,TRIOS5,color_cluster_1_fraction,Reddest-cluster fraction,SECONDARY,decrease,0.5205808672274385,0.0,-0.5205808672274385
BCG1-4,iTERO,color_cluster_1_fraction,Reddest-cluster fraction,SECONDARY,decrease,0.170170149500289,0.0,-0.170170149500289
BCG1-5,LABscanner,color_cluster_1_fraction,Reddest-cluster fraction,SECONDARY,decrease,0.1940614634536226,0.0,-0.1940614634536226
BCG1-5,TRIOS3,color_cluster_1_fraction,Reddest-cluster fraction,SECONDARY,decrease,0.3836742222404394,0.0,-0.3836742222404394
BCG1-5,TRIOS5,color_cluster_1_fraction,Reddest-cluster fraction,SECONDARY,decrease,0.5642777496198682,0.0,-0.5642777496198682
BCG1-5,iTERO,color_cluster_1_fraction,Reddest-cluster fraction,SECONDARY,decrease,0.1194102757671299,0.0,-0.1194102757671299
BCG1-6,LABscanner,color_cluster_1_fraction,Reddest-cluster fraction,SECONDARY,decrease,0.3865715584184631,0.0060399691921034,-0.38053158922635966
BCG1-6,TRIOS3,color_cluster_1_fraction,Reddest-cluster fraction,SECONDARY,decrease,0.6516217996213056,0.0,-0.6516217996213056
BCG1-6,TRIOS5,color_cluster_1_fraction,Reddest-cluster fraction,SECONDARY,decrease,0.4502744691869497,0.0,-0.4502744691869497
BCG1-6,iTERO,color_cluster_1_fraction,Reddest-cluster fraction,SECONDARY,decrease,0.0067806729498059,0.0,-0.0067806729498059
BCG1-7,LABscanner,color_cluster_1_fraction,Reddest-cluster fraction,SECONDARY,decrease,0.1603340292275574,0.0,-0.1603340292275574
BCG1-7,TRIOS3,color_cluster_1_fraction,Reddest-cluster fraction,SECONDARY,decrease,0.1951309479896717,0.0,-0.1951309479896717
BCG1-7,TRIOS5,color_cluster_1_fraction,Reddest-cluster fraction,SECONDARY,decrease,0.3784198626869386,0.0,-0.3784198626869386
BCG1-7,iTERO,color_cluster_1_fraction,Reddest-cluster fraction,SECONDARY,decrease,0.0098631950573698,0.0,-0.0098631950573698
BCG1-8,LABscanner,color_cluster_1_fraction,Reddest-cluster fraction,SECONDARY,decrease,0.1310171117863425,0.0,-0.1310171117863425
BCG1-8,TRIOS3,color_cluster_1_fraction,Reddest-cluster fraction,SECONDARY,decrease,0.9189482244510708,0.0,-0.9189482244510708
BCG1-8,TRIOS5,color_cluster_1_fraction,Reddest-cluster fraction,SECONDARY,decrease,0.1639897531817997,0.0,-0.1639897531817997
BCG1-8,iTERO,color_cluster_1_fraction,Reddest-cluster fraction,SECONDARY,decrease,0.1701773720654592,0.0,-0.1701773720654592
BCG2-1,LABscanner,color_cluster_1_fraction,Reddest-cluster fraction,SECONDARY,decrease,0.6169930968052657,0.0749785519043913,-0.5420145449008744
BCG2-1,TRIOS3,color_cluster_1_fraction,Reddest-cluster fraction,SECONDARY,decrease,0.5684564311930389,0.0,-0.5684564311930389
BCG2-1,TRIOS5,color_cluster_1_fraction,Reddest-cluster fraction,SECONDARY,decrease,0.1001059432061322,0.0,-0.1001059432061322
BCG2-1,iTERO,color_cluster_1_fraction,Reddest-cluster fraction,SECONDARY,decrease,0.2842718446601942,0.0,-0.2842718446601942
BCG2-2,LABscanner,color_cluster_1_fraction,Reddest-cluster fraction,SECONDARY,decrease,0.6377925466851505,0.0016246139034859,-0.6361679327816646
BCG2-2,TRIOS3,color_cluster_1_fraction,Reddest-cluster fraction,SECONDARY,decrease,0.5287760284408329,0.0,-0.5287760284408329
BCG2-2,TRIOS5,color_cluster_1_fraction,Reddest-cluster fraction,SECONDARY,decrease,0.4390611404681565,0.0,-0.4390611404681565
BCG2-2,iTERO,color_cluster_1_fraction,Reddest-cluster fraction,SECONDARY,decrease,0.0388919977616116,0.0,-0.0388919977616116
BCG2-3,LABscanner,color_cluster_1_fraction,Reddest-cluster fraction,SECONDARY,decrease,0.4594345667147205,0.0037815042863648,-0.4556530624283557
BCG2-3,TRIOS3,color_cluster_1_fraction,Reddest-cluster fraction,SECONDARY,decrease,0.7776367796962763,0.0,-0.7776367796962763
BCG2-3,TRIOS5,color_cluster_1_fraction,Reddest-cluster fraction,SECONDARY,decrease,0.4038681026790346,0.0,-0.4038681026790346
BCG2-3,iTERO,color_cluster_1_fraction,Reddest-cluster fraction,SECONDARY,decrease,0.1036270504551958,0.0,-0.1036270504551958
BCG2-4,LABscanner,color_cluster_1_fraction,Reddest-cluster fraction,SECONDARY,decrease,0.4840593528395209,0.0,-0.4840593528395209
BCG2-4,TRIOS3,color_cluster_1_fraction,Reddest-cluster fraction,SECONDARY,decrease,0.4524493207045815,0.0,-0.4524493207045815
BCG2-4,TRIOS5,color_cluster_1_fraction,Reddest-cluster fraction,SECONDARY,decrease,0.6567408173823073,0.0,-0.6567408173823073
BCG2-4,iTERO,color_cluster_1_fraction,Reddest-cluster fraction,SECONDARY,decrease,0.5286224434585002,0.0,-0.5286224434585002
BCG2-5,LABscanner,color_cluster_1_fraction,Reddest-cluster fraction,SECONDARY,decrease,0.5048313981231112,0.0,-0.5048313981231112
BCG2-5,TRIOS3,color_cluster_1_fraction,Reddest-cluster fraction,SECONDARY,decrease,0.5418823925579829,0.0,-0.5418823925579829
BCG2-5,TRIOS5,color_cluster_1_fraction,Reddest-cluster fraction,SECONDARY,decrease,0.5033260789225147,0.0,-0.5033260789225147
BCG2-5,iTERO,color_cluster_1_fraction,Reddest-cluster fraction,SECONDARY,decrease,0.619286439817166,0.0,-0.619286439817166
BCG2-6,LABscanner,color_cluster_1_fraction,Reddest-cluster fraction,SECONDARY,decrease,0.5290526523757779,0.0004779353194201,-0.5285747170563578
BCG2-6,TRIOS3,color_cluster_1_fraction,Reddest-cluster fraction,SECONDARY,decrease,0.3136110142906936,0.0,-0.3136110142906936
BCG2-6,TRIOS5,color_cluster_1_fraction,Reddest-cluster fraction,SECONDARY,decrease,0.9923512808911296,0.0,-0.9923512808911296
BCG2-6,iTERO,color_cluster_1_fraction,Reddest-cluster fraction,SECONDARY,decrease,0.3610319721430832,0.0,-0.3610319721430832
BCG2-7,LABscanner,color_cluster_1_fraction,Reddest-cluster fraction,SECONDARY,decrease,0.586734795315824,0.0,-0.586734795315824
BCG2-7,TRIOS3,color_cluster_1_fraction,Reddest-cluster fraction,SECONDARY,decrease,0.2964551349783496,0.0,-0.2964551349783496
BCG2-7,TRIOS5,color_cluster_1_fraction,Reddest-cluster fraction,SECONDARY,decrease,0.7395700604217189,0.0,-0.7395700604217189
BCG2-7,iTERO,color_cluster_1_fraction,Reddest-cluster fraction,SECONDARY,decrease,0.1289314036068493,0.0,-0.1289314036068493
BCG2-8,LABscanner,color_cluster_1_fraction,Reddest-cluster fraction,SECONDARY,decrease,0.609739210708516,0.1807847743425374,-0.42895443636597863
BCG2-8,TRIOS3,color_cluster_1_fraction,Reddest-cluster fraction,SECONDARY,decrease,0.0985626717395899,0.0,-0.0985626717395899
BCG2-8,TRIOS5,color_cluster_1_fraction,Reddest-cluster fraction,SECONDARY,decrease,0.6688501482141747,0.0,-0.6688501482141747
BCG2-8,iTERO,color_cluster_1_fraction,Reddest-cluster fraction,SECONDARY,decrease,0.2003323145090155,0.0,-0.2003323145090155
BCG3-1,LABscanner,color_cluster_1_fraction,Reddest-cluster fraction,SECONDARY,decrease,0.3683284101485048,0.0013480294980572,-0.36698038065044764
BCG3-1,TRIOS3,color_cluster_1_fraction,Reddest-cluster fraction,SECONDARY,decrease,0.9883254593175852,0.0,-0.9883254593175852
BCG3-1,TRIOS5,color_cluster_1_fraction,Reddest-cluster fraction,SECONDARY,decrease,0.8711376034711544,0.0,-0.8711376034711544
BCG3-1,iTERO,color_cluster_1_fraction,Reddest-cluster fraction,SECONDARY,decrease,0.8374544481274835,0.0,-0.8374544481274835
BCG3-2,LABscanner,color_cluster_1_fraction,Reddest-cluster fraction,SECONDARY,decrease,0.8587869107588975,0.2280548727301562,-0.6307320380287412
BCG3-2,TRIOS3,color_cluster_1_fraction,Reddest-cluster fraction,SECONDARY,decrease,0.6635291746447647,0.0,-0.6635291746447647
BCG3-2,TRIOS5,color_cluster_1_fraction,Reddest-cluster fraction,SECONDARY,decrease,0.7729034129763558,0.0,-0.7729034129763558
BCG3-2,iTERO,color_cluster_1_fraction,Reddest-cluster fraction,SECONDARY,decrease,0.2583055786844296,0.0,-0.2583055786844296
BCG3-3,LABscanner,color_cluster_1_fraction,Reddest-cluster fraction,SECONDARY,decrease,0.5745336061828225,0.0,-0.5745336061828225
BCG3-3,TRIOS3,color_cluster_1_fraction,Reddest-cluster fraction,SECONDARY,decrease,0.8494334188943843,0.0,-0.8494334188943843
BCG3-3,TRIOS5,color_cluster_1_fraction,Reddest-cluster fraction,SECONDARY,decrease,0.8373226403454658,0.0,-0.8373226403454658
BCG3-3,iTERO,color_cluster_1_fraction,Reddest-cluster fraction,SECONDARY,decrease,0.2972342066320682,0.0,-0.2972342066320682
BCG3-4,LABscanner,color_cluster_1_fraction,Reddest-cluster fraction,SECONDARY,decrease,0.5278562777553493,0.0,-0.5278562777553493
BCG3-4,TRIOS3,color_cluster_1_fraction,Reddest-cluster fraction,SECONDARY,decrease,0.3430011313380643,0.0,-0.3430011313380643
BCG3-4,TRIOS5,color_cluster_1_fraction,Reddest-cluster fraction,SECONDARY,decrease,0.6827941299091137,0.0,-0.6827941299091137
BCG3-4,iTERO,color_cluster_1_fraction,Reddest-cluster fraction,SECONDARY,decrease,0.3875341010849872,0.0,-0.3875341010849872
BCG3-5,LABscanner,color_cluster_1_fraction,Reddest-cluster fraction,SECONDARY,decrease,0.7949880620372786,0.0159811473948947,-0.7790069146423839
BCG3-5,TRIOS3,color_cluster_1_fraction,Reddest-cluster fraction,SECONDARY,decrease,0.7002239499704217,0.0,-0.7002239499704217
BCG3-5,TRIOS5,color_cluster_1_fraction,Reddest-cluster fraction,SECONDARY,decrease,0.879923110674662,0.0,-0.879923110674662
BCG3-5,iTERO,color_cluster_1_fraction,Reddest-cluster fraction,SECONDARY,decrease,0.1097819010416666,0.0,-0.1097819010416666
BCG3-6,LABscanner,color_cluster_1_fraction,Reddest-cluster fraction,SECONDARY,decrease,0.5241849734175945,0.0,-0.5241849734175945
BCG3-6,TRIOS3,color_cluster_1_fraction,Reddest-cluster fraction,SECONDARY,decrease,0.1973626465486614,0.0,-0.1973626465486614
BCG3-6,TRIOS5,color_cluster_1_fraction,Reddest-cluster fraction,SECONDARY,decrease,0.5721502804354999,0.0,-0.5721502804354999
BCG3-6,iTERO,color_cluster_1_fraction,Reddest-cluster fraction,SECONDARY,decrease,0.427331256490135,0.0,-0.427331256490135
BCG3-7,LABscanner,color_cluster_1_fraction,Reddest-cluster fraction,SECONDARY,decrease,0.574676103646833,0.0208189032475114,-0.5538572003993216
BCG3-7,TRIOS3,color_cluster_1_fraction,Reddest-cluster fraction,SECONDARY,decrease,0.3949524476100292,0.0,-0.3949524476100292
BCG3-7,TRIOS5,color_cluster_1_fraction,Reddest-cluster fraction,SECONDARY,decrease,0.4790446712397523,0.0,-0.4790446712397523
BCG3-7,iTERO,color_cluster_1_fraction,Reddest-cluster fraction,SECONDARY,decrease,0.1021644500611823,0.0,-0.1021644500611823
BCG3-8,LABscanner,color_cluster_1_fraction,Reddest-cluster fraction,SECONDARY,decrease,0.7378220611916264,0.0007203457659676,-0.7371017154256588
BCG3-8,TRIOS3,color_cluster_1_fraction,Reddest-cluster fraction,SECONDARY,decrease,0.3125606157528734,0.0,-0.3125606157528734
BCG3-8,TRIOS5,color_cluster_1_fraction,Reddest-cluster fraction,SECONDARY,decrease,0.7757965013098961,0.0,-0.7757965013098961
BCG3-8,iTERO,color_cluster_1_fraction,Reddest-cluster fraction,SECONDARY,decrease,0.0800726807210257,0.0,-0.0800726807210257
BCG4-1,LABscanner,color_cluster_1_fraction,Reddest-cluster fraction,SECONDARY,decrease,0.0614597178963239,0.0,-0.0614597178963239
BCG4-1,TRIOS3,color_cluster_1_fraction,Reddest-cluster fraction,SECONDARY,decrease,0.9999794162446995,0.0,-0.9999794162446995
BCG4-1,TRIOS5,color_cluster_1_fraction,Reddest-cluster fraction,SECONDARY,decrease,0.9826430379746836,0.0,-0.9826430379746836
BCG4-1,iTERO,color_cluster_1_fraction,Reddest-cluster fraction,SECONDARY,decrease,0.9965771293803352,0.0,-0.9965771293803352
BCG4-2,LABscanner,color_cluster_1_fraction,Reddest-cluster fraction,SECONDARY,decrease,0.079063666633034,0.0,-0.079063666633034
BCG4-2,TRIOS3,color_cluster_1_fraction,Reddest-cluster fraction,SECONDARY,decrease,0.4916932371203222,0.0,-0.4916932371203222
BCG4-2,TRIOS5,color_cluster_1_fraction,Reddest-cluster fraction,SECONDARY,decrease,0.6254527494237735,0.0,-0.6254527494237735
BCG4-2,iTERO,color_cluster_1_fraction,Reddest-cluster fraction,SECONDARY,decrease,0.9543750916057706,0.0,-0.9543750916057706
BCG4-3,LABscanner,color_cluster_1_fraction,Reddest-cluster fraction,SECONDARY,decrease,0.1110095934216537,0.0,-0.1110095934216537
BCG4-3,TRIOS3,color_cluster_1_fraction,Reddest-cluster fraction,SECONDARY,decrease,0.5829651349614395,0.0,-0.5829651349614395
BCG4-3,TRIOS5,color_cluster_1_fraction,Reddest-cluster fraction,SECONDARY,decrease,0.9851661763785442,0.0,-0.9851661763785442
BCG4-3,iTERO,color_cluster_1_fraction,Reddest-cluster fraction,SECONDARY,decrease,0.9559492554662604,0.0,-0.9559492554662604
BCG4-4,LABscanner,color_cluster_1_fraction,Reddest-cluster fraction,SECONDARY,decrease,0.0015271216810555,0.0,-0.0015271216810555
BCG4-4,TRIOS3,color_cluster_1_fraction,Reddest-cluster fraction,SECONDARY,decrease,0.9905849570412276,0.0,-0.9905849570412276
BCG4-4,TRIOS5,color_cluster_1_fraction,Reddest-cluster fraction,SECONDARY,decrease,0.999414470932664,0.0,-0.999414470932664
BCG4-4,iTERO,color_cluster_1_fraction,Reddest-cluster fraction,SECONDARY,decrease,0.970037153929128,0.0,-0.970037153929128
BCG4-5,LABscanner,color_cluster_1_fraction,Reddest-cluster fraction,SECONDARY,decrease,0.000913427382523,0.0,-0.000913427382523
BCG4-5,TRIOS3,color_cluster_1_fraction,Reddest-cluster fraction,SECONDARY,decrease,0.0459656778416481,0.0,-0.0459656778416481
BCG4-5,TRIOS5,color_cluster_1_fraction,Reddest-cluster fraction,SECONDARY,decrease,0.6007057047869628,0.0,-0.6007057047869628
BCG4-5,iTERO,color_cluster_1_fraction,Reddest-cluster fraction,SECONDARY,decrease,0.9662399070345216,0.0,-0.9662399070345216
BCG4-6,LABscanner,color_cluster_1_fraction,Reddest-cluster fraction,SECONDARY,decrease,0.000518775689373,0.0,-0.000518775689373
BCG4-6,TRIOS3,color_cluster_1_fraction,Reddest-cluster fraction,SECONDARY,decrease,0.9457953394123608,0.0,-0.9457953394123608
BCG4-6,TRIOS5,color_cluster_1_fraction,Reddest-cluster fraction,SECONDARY,decrease,0.999851193639591,0.0,-0.999851193639591
BCG4-6,iTERO,color_cluster_1_fraction,Reddest-cluster fraction,SECONDARY,decrease,0.7479398138657701,0.0,-0.7479398138657701
BCG4-7,LABscanner,color_cluster_1_fraction,Reddest-cluster fraction,SECONDARY,decrease,0.0,0.0,0.0
BCG4-7,TRIOS3,color_cluster_1_fraction,Reddest-cluster fraction,SECONDARY,decrease,0.2480781089414183,0.0,-0.2480781089414183
BCG4-7,TRIOS5,color_cluster_1_fraction,Reddest-cluster fraction,SECONDARY,decrease,0.9832198244030524,0.0,-0.9832198244030524
BCG4-7,iTERO,color_cluster_1_fraction,Reddest-cluster fraction,SECONDARY,decrease,0.9945091818680984,0.0,-0.9945091818680984
BCG4-8,LABscanner,color_cluster_1_fraction,Reddest-cluster fraction,SECONDARY,decrease,0.0004431017119838,0.0,-0.0004431017119838
BCG4-8,TRIOS3,color_cluster_1_fraction,Reddest-cluster fraction,SECONDARY,decrease,0.6828522351166786,0.0,-0.6828522351166786
BCG4-8,TRIOS5,color_cluster_1_fraction,Reddest-cluster fraction,SECONDARY,decrease,0.9181210036507904,0.0,-0.9181210036507904
BCG4-8,iTERO,color_cluster_1_fraction,Reddest-cluster fraction,SECONDARY,decrease,0.9537597578461048,0.0,-0.9537597578461048
BCG1-1,LABscanner,lab_L_mean,Mean L* (lightness),SECONDARY,increase,57.06831035716706,56.66474319121569,-0.4035671659513653
BCG1-1,TRIOS3,lab_L_mean,Mean L* (lightness),SECONDARY,increase,48.74102454538182,54.2696386472204,5.528614101838578
BCG1-1,TRIOS5,lab_L_mean,Mean L* (lightness),SECONDARY,increase,56.44801307001568,57.25587638711539,0.8078633170997094
BCG1-1,iTERO,lab_L_mean,Mean L* (lightness),SECONDARY,increase,45.190043529204765,54.89976073998539,9.709717210780624
BCG1-2,LABscanner,lab_L_mean,Mean L* (lightness),SECONDARY,increase,54.897914170597055,55.54155994827729,0.6436457776802342
BCG1-2,TRIOS3,lab_L_mean,Mean L* (lightness),SECONDARY,increase,50.59825491418768,53.62251814208919,3.024263227901514
BCG1-2,TRIOS5,lab_L_mean,Mean L* (lightness),SECONDARY,increase,55.42780325392416,56.64418542209659,1.21638216817243
BCG1-2,iTERO,lab_L_mean,Mean L* (lightness),SECONDARY,increase,44.15720038157554,56.5278469022366,12.370646520661055
BCG1-3,LABscanner,lab_L_mean,Mean L* (lightness),SECONDARY,increase,55.26274964304522,55.68156270100653,0.41881305796130874
BCG1-3,TRIOS3,lab_L_mean,Mean L* (lightness),SECONDARY,increase,49.63940748046059,54.75515220556734,5.115744725106751
BCG1-3,TRIOS5,lab_L_mean,Mean L* (lightness),SECONDARY,increase,49.563333113462974,58.1775175458986,8.614184432435628
BCG1-3,iTERO,lab_L_mean,Mean L* (lightness),SECONDARY,increase,46.74337633490138,52.35002951441296,5.606653179511582
BCG1-4,LABscanner,lab_L_mean,Mean L* (lightness),SECONDARY,increase,55.35770145550588,54.498565816456455,-0.8591356390494269
BCG1-4,TRIOS3,lab_L_mean,Mean L* (lightness),SECONDARY,increase,49.37662371688375,54.40578506395889,5.029161347075139
BCG1-4,TRIOS5,lab_L_mean,Mean L* (lightness),SECONDARY,increase,49.13465271972277,56.84410003191901,7.7094473121962395
BCG1-4,iTERO,lab_L_mean,Mean L* (lightness),SECONDARY,increase,48.11089613931688,53.19312472618893,5.0822285868720485
BCG1-5,LABscanner,lab_L_mean,Mean L* (lightness),SECONDARY,increase,52.355821853448894,54.525320490685495,2.1694986372366003
BCG1-5,TRIOS3,lab_L_mean,Mean L* (lightness),SECONDARY,increase,48.93772045487894,53.67277498181482,4.735054526935876
BCG1-5,TRIOS5,lab_L_mean,Mean L* (lightness),SECONDARY,increase,51.26860742382951,57.08410785227112,5.815500428441609
BCG1-5,iTERO,lab_L_mean,Mean L* (lightness),SECONDARY,increase,47.939192188181714,54.04686802041903,6.1076758322373195
BCG1-6,LABscanner,lab_L_mean,Mean L* (lightness),SECONDARY,increase,53.4084464007727,54.2386081938895,0.830161793116801
BCG1-6,TRIOS3,lab_L_mean,Mean L* (lightness),SECONDARY,increase,49.19207875088679,54.16150497085226,4.96942621996547
BCG1-6,TRIOS5,lab_L_mean,Mean L* (lightness),SECONDARY,increase,50.67973194036704,57.060549363817614,6.380817423450573
BCG1-6,iTERO,lab_L_mean,Mean L* (lightness),SECONDARY,increase,48.25276511457466,53.06713809799628,4.81437298342162
BCG1-7,LABscanner,lab_L_mean,Mean L* (lightness),SECONDARY,increase,52.358364153458005,54.603232409138414,2.2448682556804087
BCG1-7,TRIOS3,lab_L_mean,Mean L* (lightness),SECONDARY,increase,50.69288162018351,54.37511495322094,3.6822333330374235
BCG1-7,TRIOS5,lab_L_mean,Mean L* (lightness),SECONDARY,increase,51.869473948440586,56.92157307127346,5.052099122832871
BCG1-7,iTERO,lab_L_mean,Mean L* (lightness),SECONDARY,increase,45.23309581247627,53.08472332914165,7.851627516665381
BCG1-8,LABscanner,lab_L_mean,Mean L* (lightness),SECONDARY,increase,52.212310830152006,54.31604054226848,2.1037297121164755
BCG1-8,TRIOS3,lab_L_mean,Mean L* (lightness),SECONDARY,increase,47.8897722596603,55.161117422508056,7.271345162847759
BCG1-8,TRIOS5,lab_L_mean,Mean L* (lightness),SECONDARY,increase,52.96270629548162,56.96393809421095,4.001231798729336
BCG1-8,iTERO,lab_L_mean,Mean L* (lightness),SECONDARY,increase,47.47702103836821,54.403289615142256,6.926268576774049
BCG2-1,LABscanner,lab_L_mean,Mean L* (lightness),SECONDARY,increase,54.88254451275632,56.45950394624118,1.5769594334848591
BCG2-1,TRIOS3,lab_L_mean,Mean L* (lightness),SECONDARY,increase,49.60823732539076,54.48290819549583,4.874670870105071
BCG2-1,TRIOS5,lab_L_mean,Mean L* (lightness),SECONDARY,increase,55.59069293580211,57.12525182340522,1.5345588876031115
BCG2-1,iTERO,lab_L_mean,Mean L* (lightness),SECONDARY,increase,47.95709769817299,56.26881775678036,8.31172005860737
BCG2-2,LABscanner,lab_L_mean,Mean L* (lightness),SECONDARY,increase,56.51737751830017,56.72523092596767,0.20785340766749982
BCG2-2,TRIOS3,lab_L_mean,Mean L* (lightness),SECONDARY,increase,50.07563607805832,54.838366635275726,4.7627305572174095
BCG2-2,TRIOS5,lab_L_mean,Mean L* (lightness),SECONDARY,increase,52.46157809007394,58.44030929309037,5.97873120301643
BCG2-2,iTERO,lab_L_mean,Mean L* (lightness),SECONDARY,increase,49.4203388213416,56.19104396924337,6.770705147901765
BCG2-3,LABscanner,lab_L_mean,Mean L* (lightness),SECONDARY,increase,55.70052061196442,55.96268600273963,0.26216539077520906
BCG2-3,TRIOS3,lab_L_mean,Mean L* (lightness),SECONDARY,increase,49.72595249266413,54.5564985995082,4.830546106844075
BCG2-3,TRIOS5,lab_L_mean,Mean L* (lightness),SECONDARY,increase,52.47049989126408,56.18713286026722,3.716632969003136
BCG2-3,iTERO,lab_L_mean,Mean L* (lightness),SECONDARY,increase,50.275209984624006,55.64965332182907,5.374443337205065
BCG2-4,LABscanner,lab_L_mean,Mean L* (lightness),SECONDARY,increase,56.63607944447979,55.37714928747515,-1.2589301570046416
BCG2-4,TRIOS3,lab_L_mean,Mean L* (lightness),SECONDARY,increase,49.56665444387366,54.42148636460107,4.854831920727413
BCG2-4,TRIOS5,lab_L_mean,Mean L* (lightness),SECONDARY,increase,50.277727867165446,57.212013077742895,6.93428521057745
BCG2-4,iTERO,lab_L_mean,Mean L* (lightness),SECONDARY,increase,47.14266356557306,56.013391446138094,8.870727880565035
BCG2-5,LABscanner,lab_L_mean,Mean L* (lightness),SECONDARY,increase,55.16044863305491,56.15949032022446,0.9990416871695444
BCG2-5,TRIOS3,lab_L_mean,Mean L* (lightness),SECONDARY,increase,49.8104602517825,53.41232253923094,3.6018622874484407
BCG2-5,TRIOS5,lab_L_mean,Mean L* (lightness),SECONDARY,increase,50.98479135421092,57.90484303935992,6.920051685148998
BCG2-5,iTERO,lab_L_mean,Mean L* (lightness),SECONDARY,increase,45.57173556918398,54.84249501794321,9.270759448759229
BCG2-6,LABscanner,lab_L_mean,Mean L* (lightness),SECONDARY,increase,57.15922542509709,56.52239675663174,-0.6368286684653484
BCG2-6,TRIOS3,lab_L_mean,Mean L* (lightness),SECONDARY,increase,50.00789867921405,55.31555635098404,5.307657671769988
BCG2-6,TRIOS5,lab_L_mean,Mean L* (lightness),SECONDARY,increase,48.366583352735645,57.61978363794354,9.253200285207896
BCG2-6,iTERO,lab_L_mean,Mean L* (lightness),SECONDARY,increase,49.05739353368844,55.06447660944451,6.007083075756071
BCG2-7,LABscanner,lab_L_mean,Mean L* (lightness),SECONDARY,increase,57.761192196097696,56.83747596513947,-0.9237162309582274
BCG2-7,TRIOS3,lab_L_mean,Mean L* (lightness),SECONDARY,increase,50.23653729712535,55.10816714068008,4.871629843554729
BCG2-7,TRIOS5,lab_L_mean,Mean L* (lightness),SECONDARY,increase,50.2799748901076,58.11798794966078,7.838013059553177
BCG2-7,iTERO,lab_L_mean,Mean L* (lightness),SECONDARY,increase,47.208654405849295,56.3208184903952,9.112164084545903
BCG2-8,LABscanner,lab_L_mean,Mean L* (lightness),SECONDARY,increase,55.55262305445857,57.63459828344358,2.0819752289850086
BCG2-8,TRIOS3,lab_L_mean,Mean L* (lightness),SECONDARY,increase,50.98621447285349,55.801782505777865,4.815568032924375
BCG2-8,TRIOS5,lab_L_mean,Mean L* (lightness),SECONDARY,increase,51.05329348691676,58.16634747918139,7.113053992264632
BCG2-8,iTERO,lab_L_mean,Mean L* (lightness),SECONDARY,increase,49.72133804636479,55.68841554071975,5.96707749435496
BCG3-1,LABscanner,lab_L_mean,Mean L* (lightness),SECONDARY,increase,53.49922443927445,54.88844528351633,1.3892208442418834
BCG3-1,TRIOS3,lab_L_mean,Mean L* (lightness),SECONDARY,increase,46.011223325382936,55.30552934413466,9.294306018751726
BCG3-1,TRIOS5,lab_L_mean,Mean L* (lightness),SECONDARY,increase,49.29560772910097,56.889650994425,7.594043265324025
BCG3-1,iTERO,lab_L_mean,Mean L* (lightness),SECONDARY,increase,46.58082892625435,55.6663930881025,9.085564161848154
BCG3-2,LABscanner,lab_L_mean,Mean L* (lightness),SECONDARY,increase,55.545845806609904,56.3080146835374,0.7621688769274968
BCG3-2,TRIOS3,lab_L_mean,Mean L* (lightness),SECONDARY,increase,48.32898712342292,54.68317811080277,6.354190987379852
BCG3-2,TRIOS5,lab_L_mean,Mean L* (lightness),SECONDARY,increase,47.78101404874441,55.857250522554416,8.076236473810006
BCG3-2,iTERO,lab_L_mean,Mean L* (lightness),SECONDARY,increase,47.81171811715949,51.97919822016248,4.167480103002994
BCG3-3,LABscanner,lab_L_mean,Mean L* (lightness),SECONDARY,increase,55.42219856901265,54.78050021877481,-0.6416983502378386
BCG3-3,TRIOS3,lab_L_mean,Mean L* (lightness),SECONDARY,increase,47.53098283800139,54.28633466417867,6.755351826177275
BCG3-3,TRIOS5,lab_L_mean,Mean L* (lightness),SECONDARY,increase,49.39142994404288,56.98540068980155,7.593970745758668
BCG3-3,iTERO,lab_L_mean,Mean L* (lightness),SECONDARY,increase,48.02579983376673,56.80438142120776,8.778581587441025
BCG3-4,LABscanner,lab_L_mean,Mean L* (lightness),SECONDARY,increase,55.35484545879002,54.67875619257046,-0.6760892662195559
BCG3-4,TRIOS3,lab_L_mean,Mean L* (lightness),SECONDARY,increase,49.09387293450896,55.06339062982341,5.969517695314451
BCG3-4,TRIOS5,lab_L_mean,Mean L* (lightness),SECONDARY,increase,50.45523303588783,55.60534428642536,5.1501112505375275
BCG3-4,iTERO,lab_L_mean,Mean L* (lightness),SECONDARY,increase,49.18437493287507,54.349759215841424,5.16538428296635
BCG3-5,LABscanner,lab_L_mean,Mean L* (lightness),SECONDARY,increase,56.56325976187494,54.48361583624707,-2.0796439256278703
BCG3-5,TRIOS3,lab_L_mean,Mean L* (lightness),SECONDARY,increase,46.55769023560174,53.253533851152326,6.6958436155505865
BCG3-5,TRIOS5,lab_L_mean,Mean L* (lightness),SECONDARY,increase,48.715216423213775,55.03257897201904,6.317362548805264
BCG3-5,iTERO,lab_L_mean,Mean L* (lightness),SECONDARY,increase,51.576256666960525,53.4395284327849,1.863271765824372
BCG3-6,LABscanner,lab_L_mean,Mean L* (lightness),SECONDARY,increase,55.72152821303534,55.079855596910846,-0.6416726161244952
BCG3-6,TRIOS3,lab_L_mean,Mean L* (lightness),SECONDARY,increase,49.53069200758966,53.59670675103015,4.0660147434404905
BCG3-6,TRIOS5,lab_L_mean,Mean L* (lightness),SECONDARY,increase,51.93883414404211,55.439476520610384,3.5006423765682726
BCG3-6,iTERO,lab_L_mean,Mean L* (lightness),SECONDARY,increase,46.66780012948856,55.52723494072045,8.859434811231885
BCG3-7,LABscanner,lab_L_mean,Mean L* (lightness),SECONDARY,increase,55.25435858632191,56.0675823074144,0.8132237210924842
BCG3-7,TRIOS3,lab_L_mean,Mean L* (lightness),SECONDARY,increase,48.6925900068458,54.087517847960434,5.394927841114637
BCG3-7,TRIOS5,lab_L_mean,Mean L* (lightness),SECONDARY,increase,51.38738436727637,56.038800818714506,4.651416451438138
BCG3-7,iTERO,lab_L_mean,Mean L* (lightness),SECONDARY,increase,47.79281542286648,53.05695443750832,5.2641390146418345
BCG3-8,LABscanner,lab_L_mean,Mean L* (lightness),SECONDARY,increase,57.038123898030406,54.75349845109309,-2.2846254469373193
BCG3-8,TRIOS3,lab_L_mean,Mean L* (lightness),SECONDARY,increase,49.08699612320637,53.85696192022281,4.7699657970164395
BCG3-8,TRIOS5,lab_L_mean,Mean L* (lightness),SECONDARY,increase,49.08232937235348,55.28203305567117,6.1997036833176935
BCG3-8,iTERO,lab_L_mean,Mean L* (lightness),SECONDARY,increase,46.9129890720217,52.52952639897343,5.616537326951729
BCG4-1,LABscanner,lab_L_mean,Mean L* (lightness),SECONDARY,increase,59.190951938141765,63.62110303420052,4.430151096058758
BCG4-1,TRIOS3,lab_L_mean,Mean L* (lightness),SECONDARY,increase,44.72354271349205,56.02089837212596,11.297355658633911
BCG4-1,TRIOS5,lab_L_mean,Mean L* (lightness),SECONDARY,increase,45.80010331439378,57.6605791580907,11.860475843696918
BCG4-1,iTERO,lab_L_mean,Mean L* (lightness),SECONDARY,increase,46.57515119400234,57.92257123941636,11.347420045414019
BCG4-2,LABscanner,lab_L_mean,Mean L* (lightness),SECONDARY,increase,60.293707860859854,62.677181904827336,2.3834740439674817
BCG4-2,TRIOS3,lab_L_mean,Mean L* (lightness),SECONDARY,increase,48.85603331175847,54.51158978653682,5.655556474778344
BCG4-2,TRIOS5,lab_L_mean,Mean L* (lightness),SECONDARY,increase,50.02295981393945,55.56203452250019,5.53907470856074
BCG4-2,iTERO,lab_L_mean,Mean L* (lightness),SECONDARY,increase,44.82202611794936,53.612455516114046,8.790429398164683
BCG4-3,LABscanner,lab_L_mean,Mean L* (lightness),SECONDARY,increase,61.91335023428361,63.50818110672107,1.5948308724374556
BCG4-3,TRIOS3,lab_L_mean,Mean L* (lightness),SECONDARY,increase,48.166533021023554,53.99443757382282,5.827904552799268
BCG4-3,TRIOS5,lab_L_mean,Mean L* (lightness),SECONDARY,increase,45.95692579241776,56.1089798819817,10.15205408956394
BCG4-3,iTERO,lab_L_mean,Mean L* (lightness),SECONDARY,increase,49.746738506303984,52.98299154001457,3.2362530337105824
BCG4-4,LABscanner,lab_L_mean,Mean L* (lightness),SECONDARY,increase,63.75996913183786,61.77425131283486,-1.9857178190029998
BCG4-4,TRIOS3,lab_L_mean,Mean L* (lightness),SECONDARY,increase,44.83263793368428,55.87256700738589,11.039929073701607
BCG4-4,TRIOS5,lab_L_mean,Mean L* (lightness),SECONDARY,increase,46.294601776360814,55.72061987578512,9.426018099424304
BCG4-4,iTERO,lab_L_mean,Mean L* (lightness),SECONDARY,increase,49.508834804479655,55.39007360115655,5.881238796676897
BCG4-5,LABscanner,lab_L_mean,Mean L* (lightness),SECONDARY,increase,62.41014806397879,62.18089578326977,-0.22925228070901937
BCG4-5,TRIOS3,lab_L_mean,Mean L* (lightness),SECONDARY,increase,51.00145294965439,54.33594374417186,3.334490794517464
BCG4-5,TRIOS5,lab_L_mean,Mean L* (lightness),SECONDARY,increase,50.61012731598769,56.40218921861766,5.792061902629968
BCG4-5,iTERO,lab_L_mean,Mean L* (lightness),SECONDARY,increase,49.41874755683697,55.122087573588125,5.703340016751156
BCG4-6,LABscanner,lab_L_mean,Mean L* (lightness),SECONDARY,increase,63.43710073844624,62.48829830523867,-0.9488024332075682
BCG4-6,TRIOS3,lab_L_mean,Mean L* (lightness),SECONDARY,increase,46.448103996434256,55.62955882885659,9.181454832422332
BCG4-6,TRIOS5,lab_L_mean,Mean L* (lightness),SECONDARY,increase,43.439304118634176,57.74026373971329,14.300959621079116
BCG4-6,iTERO,lab_L_mean,Mean L* (lightness),SECONDARY,increase,46.20432053066429,54.084648942646375,7.8803284119820844
BCG4-7,LABscanner,lab_L_mean,Mean L* (lightness),SECONDARY,increase,61.80161849350314,62.17444737052466,0.3728288770215187
BCG4-7,TRIOS3,lab_L_mean,Mean L* (lightness),SECONDARY,increase,49.72968226040795,53.90607370382547,4.176391443417522
BCG4-7,TRIOS5,lab_L_mean,Mean L* (lightness),SECONDARY,increase,46.11601027057327,56.76847803621144,10.652467765638171
BCG4-7,iTERO,lab_L_mean,Mean L* (lightness),SECONDARY,increase,49.64995745872712,59.72002076210399,10.07006330337687
BCG4-8,LABscanner,lab_L_mean,Mean L* (lightness),SECONDARY,increase,64.24159822112782,60.41879141504592,-3.8228068060818927
BCG4-8,TRIOS3,lab_L_mean,Mean L* (lightness),SECONDARY,increase,47.35254310874133,54.74730742814869,7.394764319407358
BCG4-8,TRIOS5,lab_L_mean,Mean L* (lightness),SECONDARY,increase,47.855141816585245,56.47188491914594,8.616743102560697
BCG4-8,iTERO,lab_L_mean,Mean L* (lightness),SECONDARY,increase,46.61656934714673,55.05185568096682,8.435286333820088
