feature,PC1,PC2,PC3,PC4,PC5,PC6,PC7,PC8,PC9
color_cluster_1_fraction,-0.28790500590477924,0.29709273350922044,-0.5311973904836085,0.20979009033311438,-0.20539051198381938,0.2424147733458636,0.615756174938239,0.01642381062844915,0.1492932427572806
lab_L_mean,0.2822903697774781,-0.40364886222218865,0.1897234846279299,0.5143464161330887,0.3856592101812859,-0.19368328764734533,0.4810975213746726,0.1334371355370979,0.14603414061298534
lab_a_local_sd_0.5mm_mean,0.4153686460699226,0.30132380519241186,-0.10332479408199606,0.1919122054982698,-0.31727442097619246,-0.3103157419155189,-0.24922034140365412,0.09487679140482068,0.6489185176831702
lab_a_mean,-0.3029404559917897,0.43858913811786393,0.2474677209498882,0.068052410644444,0.07670204475505465,-0.3694059320805694,0.04156936768557157,0.6786782317979956,-0.21288293395599153
lab_a_std,0.4400502506716216,0.20309980062371819,0.00923029638827505,-0.3620250040498351,-0.1853815606176481,-0.44623850285265165,0.4474767496382701,-0.26445921300217834,-0.36095665208993843
lab_ab_joint_entropy,0.13760639142148598,0.26365862532707107,0.7064750801018705,0.12167604152002968,-0.3138058050800458,0.5054149664873341,0.193920935509491,-0.06795229549735528,0.03866907164779779
lab_chroma_local_sd_0.5mm_mean,0.3545443720200459,0.31739219739850166,-0.24905319326255587,0.5481547876269509,0.1326123033761505,0.17517049901270484,-0.2842715393282082,-0.07799494726245287,-0.525257146953041
lab_chroma_mean,-0.29752628797749353,0.43398187976885566,0.18314219887977776,0.08887469919127128,0.49489214296900186,-0.20704001571133485,-0.011021703927201032,-0.5889487563483561,0.2166382745219088
lab_chroma_std,0.38251206104701424,0.2565220407922722,-0.12311478578409943,-0.442419383620776,0.554247947056042,0.3779443051630982,0.08232958355444103,0.29123702071084284,0.18803977525367058
