feature,feature_label,role,term,estimate,standard_error,z_value,p_value,ci95_low,ci95_high,n_rows,n_physical_samples,fit_method,converged,p_value_holm
lab_a_mean,Mean a* (redness),PRIMARY,Intercept,33.40641679920315,0.4327127861430805,77.20228721911862,0.0,32.55831532271273,34.25451827569357,319,32,powell,True,0.0
lab_a_mean,Mean a* (redness),PRIMARY,C(stage)[T.Partial],-1.9301337106253553,0.7079342473323772,-2.7264307637304515,0.00640233828924575,-3.3176593388192854,-0.5426080824314252,319,32,powell,True,0.0896327360494405
lab_a_mean,Mean a* (redness),PRIMARY,C(stage)[T.Clean],-5.757295504662589,0.5663473978659012,-10.165660734660587,2.822020866011751e-24,-6.867316007217732,-4.647275002107446,319,32,powell,True,1.1288083464047004e-22
lab_a_mean,Mean a* (redness),PRIMARY,C(scanner)[T.TRIOS3],12.060364590158807,0.5663473978659015,21.29499426607136,1.2632179059838374e-100,10.950344087603664,13.17038509271395,319,32,powell,True,6.0634459487224195e-99
lab_a_mean,Mean a* (redness),PRIMARY,C(scanner)[T.TRIOS5],5.709471414752864,0.5663473978659014,10.081217705364546,6.68919231588533e-24,4.599450912197721,6.819491917308007,319,32,powell,True,2.6087850031952787e-22
lab_a_mean,Mean a* (redness),PRIMARY,C(scanner)[T.iTERO],18.30124216005145,0.5663473978659019,32.314516194501465,4.374291615464224e-229,17.191221657496307,19.411262662606596,319,32,powell,True,2.1434028915774697e-227
lab_a_mean,Mean a* (redness),PRIMARY,C(growth_class)[T.Mature],0.6675831504309624,0.306308679925368,2.1794457492801667,0.029298570669627308,0.06722916962523406,1.2679371312366907,319,32,powell,True,0.34059971652678867
lab_a_mean,Mean a* (redness),PRIMARY,C(stage)[T.Partial]:C(scanner)[T.TRIOS3],-1.9327565089252798,0.9809424678381673,-1.9703056726504573,0.04880334870461365,-3.8553684167939277,-0.01014460105663173,319,32,powell,True,0.48803348704613647
lab_a_mean,Mean a* (redness),PRIMARY,C(stage)[T.Clean]:C(scanner)[T.TRIOS3],-3.918744944668354,0.8009361710766686,-4.892705668918076,9.945909225924297e-07,-5.488550993894036,-2.3489388954426724,319,32,powell,True,2.5859363987403173e-05
lab_a_mean,Mean a* (redness),PRIMARY,C(stage)[T.Partial]:C(scanner)[T.TRIOS5],-3.844016541286024,0.9921701482067938,-3.8743521443711404,0.00010690872803926925,-5.788634298307107,-1.8993987842649402,319,32,powell,True,0.002138174560785385
lab_a_mean,Mean a* (redness),PRIMARY,C(stage)[T.Clean]:C(scanner)[T.TRIOS5],-6.21612566805271,0.8009361710766687,-7.761074967680138,8.42125169212385e-15,-7.785931717278392,-4.646319618827028,319,32,powell,True,2.694800541479632e-13
lab_a_mean,Mean a* (redness),PRIMARY,C(stage)[T.Partial]:C(scanner)[T.iTERO],-4.027624540210093,0.9809424678381675,-4.105872334272877,4.0279190806456056e-05,-5.9502364480787415,-2.1050126323414444,319,32,powell,True,0.0008458630069355772
lab_a_mean,Mean a* (redness),PRIMARY,C(stage)[T.Clean]:C(scanner)[T.iTERO],-5.828122293957488,0.800936171076669,-7.276637645323169,3.422429006729035e-13,-7.397928343183171,-4.258316244731805,319,32,powell,True,1.0267287020187105e-11
lab_chroma_mean,Mean C*ab (chroma),PRIMARY,Intercept,43.084642360582755,0.42170794448135085,102.16701611721257,0.0,42.25810997740489,43.91117474376062,319,32,powell,True,0.0
lab_chroma_mean,Mean C*ab (chroma),PRIMARY,C(stage)[T.Partial],-3.1688527173579684,0.6876548305209751,-4.608202511945142,4.061649721892795e-06,-4.516631418974074,-1.8210740157418626,319,32,powell,True,0.00010154124304731988
lab_chroma_mean,Mean C*ab (chroma),PRIMARY,C(stage)[T.Clean],-6.142672108212909,0.5501238644167802,-11.165980073824155,5.982768310371168e-29,-7.220895069505794,-5.064449146920024,319,32,powell,True,2.512762690355891e-27
lab_chroma_mean,Mean C*ab (chroma),PRIMARY,C(scanner)[T.TRIOS3],7.866898596360322,0.5501238644167813,14.300231466417994,2.1808299956328026e-46,6.788675635067435,8.94512155765321,319,32,powell,True,9.595651980784332e-45
lab_chroma_mean,Mean C*ab (chroma),PRIMARY,C(scanner)[T.TRIOS5],-0.5714569065335087,0.5501238644167813,-1.0387786160473946,0.29890770873822015,-1.6496798678263958,0.5067660547593784,319,32,powell,True,1.0
lab_chroma_mean,Mean C*ab (chroma),PRIMARY,C(scanner)[T.iTERO],11.611341899180578,0.5501238644167812,21.10677731003444,6.891454929297745e-99,10.533118937887691,12.689564860473466,319,32,powell,True,3.2389838167699404e-97
lab_chroma_mean,Mean C*ab (chroma),PRIMARY,C(growth_class)[T.Mature],6.953293565833523e-05,0.3014439383229077,0.00023066622618183593,0.9998159549810629,-0.5907497295351541,0.5908887954064709,319,32,powell,True,1.0
lab_chroma_mean,Mean C*ab (chroma),PRIMARY,C(stage)[T.Partial]:C(scanner)[T.TRIOS3],-1.4741775422519072,0.9528424836259954,-1.5471366648577598,0.1218302943691084,-3.3417144930985545,0.39335940859474006,319,32,powell,True,0.9746423549528672
lab_chroma_mean,Mean C*ab (chroma),PRIMARY,C(stage)[T.Clean]:C(scanner)[T.TRIOS3],-4.368539201480745,0.777992630043308,-5.61514213989092,1.9640072913048563e-08,-5.893376736603223,-2.843701666358267,319,32,powell,True,5.302819686523112e-07
lab_chroma_mean,Mean C*ab (chroma),PRIMARY,C(stage)[T.Partial]:C(scanner)[T.TRIOS5],-3.5109301849613193,0.9637597143173187,-3.642951798881005,0.0002695293248612087,-5.399864514773875,-1.6219958551487632,319,32,powell,True,0.0045819985226405475
lab_chroma_mean,Mean C*ab (chroma),PRIMARY,C(stage)[T.Clean]:C(scanner)[T.TRIOS5],-6.576774653840308,0.7779926300433078,-8.453517938176619,2.826544886055664e-17,-8.101612188962786,-5.05193711871783,319,32,powell,True,1.017556158980039e-15
lab_chroma_mean,Mean C*ab (chroma),PRIMARY,C(stage)[T.Partial]:C(scanner)[T.iTERO],-3.5073192434958096,0.9528424836259953,-3.6809014121084087,0.0002324108614548265,-5.374856194342456,-1.6397822926491625,319,32,powell,True,0.0041833955061868775
lab_chroma_mean,Mean C*ab (chroma),PRIMARY,C(stage)[T.Clean]:C(scanner)[T.iTERO],-6.221744274673419,0.7779926300433078,-7.997176366988309,1.2730482854858598e-15,-7.746581809795897,-4.696906739550942,319,32,powell,True,4.328364170651923e-14
color_cluster_1_fraction,Reddest-cluster fraction,SECONDARY,Intercept,0.374391978684549,0.03627685740943471,10.320408255296638,5.698035425052206e-25,0.30329064468976197,0.445493312679336,319,32,powell,True,2.3361945242714044e-23
color_cluster_1_fraction,Reddest-cluster fraction,SECONDARY,C(stage)[T.Partial],-0.25993145328509076,0.06046142900748765,-4.299128511383685,1.7147102910297854e-05,-0.37843367659359184,-0.14142922997658966,319,32,powell,True,0.00037723626402655277
color_cluster_1_fraction,Reddest-cluster fraction,SECONDARY,C(stage)[T.Clean],-0.40232924083776156,0.04836914320599027,-8.317890584175887,8.954261511278317e-17,-0.49713101948456273,-0.3075274621909604,319,32,powell,True,3.1339915289474107e-15
color_cluster_1_fraction,Reddest-cluster fraction,SECONDARY,C(scanner)[T.TRIOS3],0.10753595753932181,0.04836914320599014,2.2232346990592204,0.02619997819436836,0.01273417889252089,0.20233773618612272,319,32,powell,True,0.34059971652678867
color_cluster_1_fraction,Reddest-cluster fraction,SECONDARY,C(scanner)[T.TRIOS5],0.20978607401499313,0.04836914320599016,4.337188135038387,1.4431709061955602e-05,0.11498429536819219,0.3045878526617941,319,32,powell,True,0.0003319293084249789
color_cluster_1_fraction,Reddest-cluster fraction,SECONDARY,C(scanner)[T.iTERO],0.002318437696634355,0.04836914320599016,0.04793216383347542,0.9617703058097942,-0.0924833409501666,0.0971202163434353,319,32,powell,True,1.0
color_cluster_1_fraction,Reddest-cluster fraction,SECONDARY,C(growth_class)[T.Mature],0.08937954860588139,0.024184571617821404,3.695725937110185,0.00021925939386551355,0.04197865925342185,0.13678043795834094,319,32,powell,True,0.0041659284834447575
color_cluster_1_fraction,Reddest-cluster fraction,SECONDARY,C(stage)[T.Partial]:C(scanner)[T.TRIOS3],-0.18422109426756667,0.08377781355134986,-2.1989245894398066,0.027883284845639247,-0.34842259153172406,-0.020019597003409245,319,32,powell,True,0.34059971652678867
color_cluster_1_fraction,Reddest-cluster fraction,SECONDARY,C(stage)[T.Clean]:C(scanner)[T.TRIOS3],-0.12428846968904948,0.06840429832227787,-1.8169687101164413,0.06922190457691789,-0.2583584307884478,0.0097814914103488,319,32,powell,True,0.622997141192261
color_cluster_1_fraction,Reddest-cluster fraction,SECONDARY,C(stage)[T.Partial]:C(scanner)[T.TRIOS5],-0.2593478513774092,0.08470960418464549,-3.0616109456974505,0.002201493895825252,-0.4253756247239578,-0.09332007803086056,319,32,powell,True,0.03302240843737878
color_cluster_1_fraction,Reddest-cluster fraction,SECONDARY,C(stage)[T.Clean]:C(scanner)[T.TRIOS5],-0.22653537563624218,0.06840429832227789,-3.3117125852084683,0.0009272675823503701,-0.3606053367356405,-0.09246541453684387,319,32,powell,True,0.014836281317605922
color_cluster_1_fraction,Reddest-cluster fraction,SECONDARY,C(stage)[T.Partial]:C(scanner)[T.iTERO],-0.08372526128665658,0.08377781355134989,-0.9993727185937946,0.31761417054669727,-0.24792675855081406,0.08047623597750089,319,32,powell,True,1.0
color_cluster_1_fraction,Reddest-cluster fraction,SECONDARY,C(stage)[T.Clean]:C(scanner)[T.iTERO],-0.018984192877818433,0.0684042983222779,-0.2775292392939533,0.7813737575163779,-0.15305415397721678,0.1150857682215799,319,32,powell,True,1.0
lab_L_mean,Mean L* (lightness),SECONDARY,Intercept,56.939717492089734,0.3871439795710901,147.07633463697985,0.0,56.18092923529889,57.69850574888058,319,32,lbfgs,True,0.0
lab_L_mean,Mean L* (lightness),SECONDARY,C(stage)[T.Partial],-2.871930971018718,0.6452398886121267,-4.450950757548598,8.549094546756626e-06,-4.136577914087122,-1.6072840279503138,319,32,lbfgs,True,0.00020517826912215903
lab_L_mean,Mean L* (lightness),SECONDARY,C(stage)[T.Clean],0.246628872126702,0.5161919108897026,0.47778523243732207,0.6328030729629963,-0.7650886823280241,1.2583464265814281,319,32,lbfgs,True,1.0
lab_L_mean,Mean L* (lightness),SECONDARY,C(scanner)[T.TRIOS3],-8.209704406319764,0.516191910889702,-15.904364700658752,5.909977733496724e-57,-9.221421960774489,-7.197986851865039,319,32,lbfgs,True,2.659489980073526e-55
lab_L_mean,Mean L* (lightness),SECONDARY,C(scanner)[T.TRIOS5],-6.898680398699954,0.5161919108897022,-13.36456510294683,9.740261816648717e-41,-7.910397953154678,-5.886962844245229,319,32,lbfgs,True,4.188312581158948e-39
lab_L_mean,Mean L* (lightness),SECONDARY,C(scanner)[T.iTERO],-9.287078402955455,0.5161919108897021,-17.99152254623355,2.270334267009496e-72,-10.29879595741018,-8.27536084850073,319,32,lbfgs,True,1.0443537628243682e-70
lab_L_mean,Mean L* (lightness),SECONDARY,C(growth_class)[T.Mature],0.10428124553762064,0.2580960946562635,0.4040403853320759,0.686183021786948,-0.40157780453909653,0.6101402956143378,319,32,lbfgs,True,1.0
lab_L_mean,Mean L* (lightness),SECONDARY,C(stage)[T.Partial]:C(scanner)[T.TRIOS3],5.829230583536945,0.894070616117029,6.519877153387994,7.036499660226739e-11,4.076884376312032,7.581576790761858,319,32,lbfgs,True,1.970219904863487e-09
lab_L_mean,Mean L* (lightness),SECONDARY,C(stage)[T.Clean]:C(scanner)[T.TRIOS3],5.518474428177215,0.7300056011675019,7.559496008457317,4.046341084004032e-14,4.0876897413764,6.949259114978029,319,32,lbfgs,True,1.2543657360412498e-12
lab_L_mean,Mean L* (lightness),SECONDARY,C(stage)[T.Partial]:C(scanner)[T.TRIOS5],5.968366684193906,0.9039684444562011,6.602406002993043,4.045377765522923e-11,4.196621089899056,7.7401122784887555,319,32,lbfgs,True,1.1731595520016476e-09
lab_L_mean,Mean L* (lightness),SECONDARY,C(stage)[T.Clean]:C(scanner)[T.TRIOS5],6.450539728637294,0.7300056011675019,8.836287993298834,9.895149594297087e-19,5.019755041836479,7.881324415438108,319,32,lbfgs,True,3.6612053498899225e-17
lab_L_mean,Mean L* (lightness),SECONDARY,C(stage)[T.Partial]:C(scanner)[T.iTERO],7.065906972892283,0.8940706161170291,7.903074819279592,2.721061423375306e-15,5.31356076566737,8.818253180117196,319,32,lbfgs,True,8.97950269713851e-14
lab_L_mean,Mean L* (lightness),SECONDARY,C(stage)[T.Clean]:C(scanner)[T.iTERO],6.887703106886629,0.7300056011675017,9.435137341235588,3.904823543137354e-21,5.456918420085815,8.318487793687442,319,32,lbfgs,True,1.4838329463921945e-19
