scan_id,physical_id,scanner,group,stage,label,partition
iTERO__BCG1T0-1,G1_S1,iTERO,1,baseline,baseline,train
iTERO__BCG1T0-2,G1_S2,iTERO,1,baseline,baseline,train
iTERO__BCG1T0-3,G1_S3,iTERO,1,baseline,baseline,train
iTERO__BCG1T0-4,G1_S4,iTERO,1,baseline,baseline,test
iTERO__BCG1T0-5,G1_S5,iTERO,1,baseline,baseline,train
iTERO__BCG1T0-6,G1_S6,iTERO,1,baseline,baseline,train
iTERO__BCG1T0-7,G1_S7,iTERO,1,baseline,baseline,val
iTERO__BCG1T0-8,G1_S8,iTERO,1,baseline,baseline,train
iTERO__BCG1T1-1,G1_S1,iTERO,1,clean,clean,train
iTERO__BCG1T1-2,G1_S2,iTERO,1,clean,clean,train
iTERO__BCG1T1-3,G1_S3,iTERO,1,clean,clean,train
iTERO__BCG1T1-4,G1_S4,iTERO,1,clean,clean,test
iTERO__BCG1T1-5,G1_S5,iTERO,1,clean,clean,train
iTERO__BCG1T1-6,G1_S6,iTERO,1,clean,clean,train
iTERO__BCG1T1-7,G1_S7,iTERO,1,clean,clean,val
iTERO__BCG1T1-8,G1_S8,iTERO,1,clean,clean,train
iTERO__BCG2T0-1,G2_S1,iTERO,2,baseline,baseline,val
iTERO__BCG2T0-2,G2_S2,iTERO,2,baseline,baseline,train
iTERO__BCG2T0-3,G2_S3,iTERO,2,baseline,baseline,train
iTERO__BCG2T0-4,G2_S4,iTERO,2,baseline,baseline,train
iTERO__BCG2T0-5,G2_S5,iTERO,2,baseline,baseline,test
iTERO__BCG2T0-6,G2_S6,iTERO,2,baseline,baseline,train
iTERO__BCG2T0-7,G2_S7,iTERO,2,baseline,baseline,train
iTERO__BCG2T0-8,G2_S8,iTERO,2,baseline,baseline,train
iTERO__BCG2T1-1,G2_S1,iTERO,2,clean,clean,val
iTERO__BCG2T1-2,G2_S2,iTERO,2,clean,clean,train
iTERO__BCG2T1-3,G2_S3,iTERO,2,clean,clean,train
iTERO__BCG2T1-4,G2_S4,iTERO,2,clean,clean,train
iTERO__BCG2T1-5,G2_S5,iTERO,2,clean,clean,test
iTERO__BCG2T1-6,G2_S6,iTERO,2,clean,clean,train
iTERO__BCG2T1-7,G2_S7,iTERO,2,clean,clean,train
iTERO__BCG2T1-8,G2_S8,iTERO,2,clean,clean,train
iTERO__BCG3T0-1,G3_S1,iTERO,3,baseline,baseline,train
iTERO__BCG3T0-2,G3_S2,iTERO,3,baseline,baseline,train
iTERO__BCG3T0-3,G3_S3,iTERO,3,baseline,baseline,test
iTERO__BCG3T0-4,G3_S4,iTERO,3,baseline,baseline,val
iTERO__BCG3T0-5,G3_S5,iTERO,3,baseline,baseline,train
iTERO__BCG3T0-6,G3_S6,iTERO,3,baseline,baseline,train
iTERO__BCG3T0-7,G3_S7,iTERO,3,baseline,baseline,train
iTERO__BCG3T0-8,G3_S8,iTERO,3,baseline,baseline,train
iTERO__BCG3T1-1,G3_S1,iTERO,3,partial,partial,train
iTERO__BCG3T1-2,G3_S2,iTERO,3,partial,partial,train
iTERO__BCG3T1-3,G3_S3,iTERO,3,partial,partial,test
iTERO__BCG3T1-4,G3_S4,iTERO,3,partial,partial,val
iTERO__BCG3T1-5,G3_S5,iTERO,3,partial,partial,train
iTERO__BCG3T1-6,G3_S6,iTERO,3,partial,partial,train
iTERO__BCG3T1-7,G3_S7,iTERO,3,partial,partial,train
iTERO__BCG3T1-8,G3_S8,iTERO,3,partial,partial,train
iTERO__BCG3T2-1,G3_S1,iTERO,3,clean,clean,train
iTERO__BCG3T2-2,G3_S2,iTERO,3,clean,clean,train
iTERO__BCG3T2-3,G3_S3,iTERO,3,clean,clean,test
iTERO__BCG3T2-4,G3_S4,iTERO,3,clean,clean,val
iTERO__BCG3T2-5,G3_S5,iTERO,3,clean,clean,train
iTERO__BCG3T2-6,G3_S6,iTERO,3,clean,clean,train
iTERO__BCG3T2-7,G3_S7,iTERO,3,clean,clean,train
iTERO__BCG3T2-8,G3_S8,iTERO,3,clean,clean,train
iTERO__BCG4T0-1,G4_S1,iTERO,4,baseline,baseline,val
iTERO__BCG4T0-2,G4_S2,iTERO,4,baseline,baseline,train
iTERO__BCG4T0-3,G4_S3,iTERO,4,baseline,baseline,test
iTERO__BCG4T0-4,G4_S4,iTERO,4,baseline,baseline,train
iTERO__BCG4T0-5,G4_S5,iTERO,4,baseline,baseline,train
iTERO__BCG4T0-6,G4_S6,iTERO,4,baseline,baseline,train
iTERO__BCG4T0-7,G4_S7,iTERO,4,baseline,baseline,train
iTERO__BCG4T0-8,G4_S8,iTERO,4,baseline,baseline,train
iTERO__BCG4T1-1,G4_S1,iTERO,4,partial,partial,val
iTERO__BCG4T1-2,G4_S2,iTERO,4,partial,partial,train
iTERO__BCG4T1-3,G4_S3,iTERO,4,partial,partial,test
iTERO__BCG4T1-4,G4_S4,iTERO,4,partial,partial,train
iTERO__BCG4T1-5,G4_S5,iTERO,4,partial,partial,train
iTERO__BCG4T1-6,G4_S6,iTERO,4,partial,partial,train
iTERO__BCG4T1-7,G4_S7,iTERO,4,partial,partial,train
iTERO__BCG4T1-8,G4_S8,iTERO,4,partial,partial,train
iTERO__BCG4T2-1,G4_S1,iTERO,4,clean,clean,val
iTERO__BCG4T2-2,G4_S2,iTERO,4,clean,clean,train
iTERO__BCG4T2-3,G4_S3,iTERO,4,clean,clean,test
iTERO__BCG4T2-4,G4_S4,iTERO,4,clean,clean,train
iTERO__BCG4T2-5,G4_S5,iTERO,4,clean,clean,train
iTERO__BCG4T2-6,G4_S6,iTERO,4,clean,clean,train
iTERO__BCG4T2-7,G4_S7,iTERO,4,clean,clean,train
iTERO__BCG4T2-8,G4_S8,iTERO,4,clean,clean,train
iTERO__BCG5T0-1,G5_S1,iTERO,5,baseline,baseline,train
iTERO__BCG5T0-2,G5_S2,iTERO,5,baseline,baseline,val
iTERO__BCG5T0-3,G5_S3,iTERO,5,baseline,baseline,train
iTERO__BCG5T0-4,G5_S4,iTERO,5,baseline,baseline,train
iTERO__BCG5T0-5,G5_S5,iTERO,5,baseline,baseline,train
iTERO__BCG5T0-6,G5_S6,iTERO,5,baseline,baseline,train
iTERO__BCG5T0-7,G5_S7,iTERO,5,baseline,baseline,train
iTERO__BCG5T0-8,G5_S8,iTERO,5,baseline,baseline,test
iTERO__BCG5T1-1,G5_S1,iTERO,5,partial,partial,train
iTERO__BCG5T1-2,G5_S2,iTERO,5,partial,partial,val
iTERO__BCG5T1-3,G5_S3,iTERO,5,partial,partial,train
iTERO__BCG5T1-4,G5_S4,iTERO,5,partial,partial,train
iTERO__BCG5T1-5,G5_S5,iTERO,5,partial,partial,train
iTERO__BCG5T1-6,G5_S6,iTERO,5,partial,partial,train
iTERO__BCG5T1-7,G5_S7,iTERO,5,partial,partial,train
iTERO__BCG5T1-8,G5_S8,iTERO,5,partial,partial,test
iTERO__BCG5T2-1,G5_S1,iTERO,5,clean,clean,train
iTERO__BCG5T2-2,G5_S2,iTERO,5,clean,clean,val
iTERO__BCG5T2-3,G5_S3,iTERO,5,clean,clean,train
iTERO__BCG5T2-4,G5_S4,iTERO,5,clean,clean,train
iTERO__BCG5T2-5,G5_S5,iTERO,5,clean,clean,train
iTERO__BCG5T2-6,G5_S6,iTERO,5,clean,clean,train
iTERO__BCG5T2-7,G5_S7,iTERO,5,clean,clean,train
iTERO__BCG5T2-8,G5_S8,iTERO,5,clean,clean,test
iTERO__BCG6T0-1,G6_S1,iTERO,6,baseline,baseline,train
iTERO__BCG6T0-2,G6_S2,iTERO,6,baseline,baseline,test
iTERO__BCG6T0-3,G6_S3,iTERO,6,baseline,baseline,train
iTERO__BCG6T0-4,G6_S4,iTERO,6,baseline,baseline,val
iTERO__BCG6T0-5,G6_S5,iTERO,6,baseline,baseline,train
iTERO__BCG6T0-6,G6_S6,iTERO,6,baseline,baseline,train
iTERO__BCG6T0-7,G6_S7,iTERO,6,baseline,baseline,train
iTERO__BCG6T0-8,G6_S8,iTERO,6,baseline,baseline,train
iTERO__BCG6T1-1,G6_S1,iTERO,6,partial,partial,train
iTERO__BCG6T1-2,G6_S2,iTERO,6,partial,partial,test
iTERO__BCG6T1-3,G6_S3,iTERO,6,partial,partial,train
iTERO__BCG6T1-4,G6_S4,iTERO,6,partial,partial,val
iTERO__BCG6T1-5,G6_S5,iTERO,6,partial,partial,train
iTERO__BCG6T1-6,G6_S6,iTERO,6,partial,partial,train
iTERO__BCG6T1-7,G6_S7,iTERO,6,partial,partial,train
iTERO__BCG6T1-8,G6_S8,iTERO,6,partial,partial,train
iTERO__BCG6T2-1,G6_S1,iTERO,6,clean,clean,train
iTERO__BCG6T2-2,G6_S2,iTERO,6,clean,clean,test
iTERO__BCG6T2-3,G6_S3,iTERO,6,clean,clean,train
iTERO__BCG6T2-4,G6_S4,iTERO,6,clean,clean,val
iTERO__BCG6T2-5,G6_S5,iTERO,6,clean,clean,train
iTERO__BCG6T2-6,G6_S6,iTERO,6,clean,clean,train
iTERO__BCG6T2-7,G6_S7,iTERO,6,clean,clean,train
iTERO__BCG6T2-8,G6_S8,iTERO,6,clean,clean,train
LABscanner__BCG1T0-1,G1_S1,LABscanner,1,baseline,baseline,train
LABscanner__BCG1T0-2,G1_S2,LABscanner,1,baseline,baseline,train
LABscanner__BCG1T0-3,G1_S3,LABscanner,1,baseline,baseline,train
LABscanner__BCG1T0-4,G1_S4,LABscanner,1,baseline,baseline,test
LABscanner__BCG1T0-5,G1_S5,LABscanner,1,baseline,baseline,train
LABscanner__BCG1T0-6,G1_S6,LABscanner,1,baseline,baseline,train
LABscanner__BCG1T0-7,G1_S7,LABscanner,1,baseline,baseline,val
LABscanner__BCG1T0-8,G1_S8,LABscanner,1,baseline,baseline,train
LABscanner__BCG1T1-1,G1_S1,LABscanner,1,clean,clean,train
LABscanner__BCG1T1-2,G1_S2,LABscanner,1,clean,clean,train
LABscanner__BCG1T1-3,G1_S3,LABscanner,1,clean,clean,train
LABscanner__BCG1T1-4,G1_S4,LABscanner,1,clean,clean,test
LABscanner__BCG1T1-5,G1_S5,LABscanner,1,clean,clean,train
LABscanner__BCG1T1-6,G1_S6,LABscanner,1,clean,clean,train
LABscanner__BCG1T1-7,G1_S7,LABscanner,1,clean,clean,val
LABscanner__BCG1T1-8,G1_S8,LABscanner,1,clean,clean,train
LABscanner__BCG2T0-1,G2_S1,LABscanner,2,baseline,baseline,val
LABscanner__BCG2T0-2,G2_S2,LABscanner,2,baseline,baseline,train
LABscanner__BCG2T0-3,G2_S3,LABscanner,2,baseline,baseline,train
LABscanner__BCG2T0-4,G2_S4,LABscanner,2,baseline,baseline,train
LABscanner__BCG2T0-5,G2_S5,LABscanner,2,baseline,baseline,test
LABscanner__BCG2T0-6,G2_S6,LABscanner,2,baseline,baseline,train
LABscanner__BCG2T0-7,G2_S7,LABscanner,2,baseline,baseline,train
LABscanner__BCG2T0-8,G2_S8,LABscanner,2,baseline,baseline,train
LABscanner__BCG2T1-1,G2_S1,LABscanner,2,clean,clean,val
LABscanner__BCG2T1-2,G2_S2,LABscanner,2,clean,clean,train
LABscanner__BCG2T1-3,G2_S3,LABscanner,2,clean,clean,train
LABscanner__BCG2T1-4,G2_S4,LABscanner,2,clean,clean,train
LABscanner__BCG2T1-5,G2_S5,LABscanner,2,clean,clean,test
LABscanner__BCG2T1-6,G2_S6,LABscanner,2,clean,clean,train
LABscanner__BCG2T1-7,G2_S7,LABscanner,2,clean,clean,train
LABscanner__BCG2T1-8,G2_S8,LABscanner,2,clean,clean,train
LABscanner__BCG3T0-1,G3_S1,LABscanner,3,baseline,baseline,train
LABscanner__BCG3T0-2,G3_S2,LABscanner,3,baseline,baseline,train
LABscanner__BCG3T0-3,G3_S3,LABscanner,3,baseline,baseline,test
LABscanner__BCG3T0-4,G3_S4,LABscanner,3,baseline,baseline,val
LABscanner__BCG3T0-5,G3_S5,LABscanner,3,baseline,baseline,train
LABscanner__BCG3T0-6,G3_S6,LABscanner,3,baseline,baseline,train
LABscanner__BCG3T0-7,G3_S7,LABscanner,3,baseline,baseline,train
LABscanner__BCG3T0-8,G3_S8,LABscanner,3,baseline,baseline,train
LABscanner__BCG3T1-1,G3_S1,LABscanner,3,partial,partial,train
LABscanner__BCG3T1-2,G3_S2,LABscanner,3,partial,partial,train
LABscanner__BCG3T1-3,G3_S3,LABscanner,3,partial,partial,test
LABscanner__BCG3T1-4,G3_S4,LABscanner,3,partial,partial,val
LABscanner__BCG3T1-5,G3_S5,LABscanner,3,partial,partial,train
LABscanner__BCG3T1-6,G3_S6,LABscanner,3,partial,partial,train
LABscanner__BCG3T1-7,G3_S7,LABscanner,3,partial,partial,train
LABscanner__BCG3T1-8,G3_S8,LABscanner,3,partial,partial,train
LABscanner__BCG3T2-1,G3_S1,LABscanner,3,clean,clean,train
LABscanner__BCG3T2-2,G3_S2,LABscanner,3,clean,clean,train
LABscanner__BCG3T2-3,G3_S3,LABscanner,3,clean,clean,test
LABscanner__BCG3T2-4,G3_S4,LABscanner,3,clean,clean,val
LABscanner__BCG3T2-5,G3_S5,LABscanner,3,clean,clean,train
LABscanner__BCG3T2-6,G3_S6,LABscanner,3,clean,clean,train
LABscanner__BCG3T2-7,G3_S7,LABscanner,3,clean,clean,train
LABscanner__BCG3T2-8,G3_S8,LABscanner,3,clean,clean,train
LABscanner__BCG4T0-1,G4_S1,LABscanner,4,baseline,baseline,val
LABscanner__BCG4T0-2,G4_S2,LABscanner,4,baseline,baseline,train
LABscanner__BCG4T0-3,G4_S3,LABscanner,4,baseline,baseline,test
LABscanner__BCG4T0-4,G4_S4,LABscanner,4,baseline,baseline,train
LABscanner__BCG4T0-5,G4_S5,LABscanner,4,baseline,baseline,train
LABscanner__BCG4T0-6,G4_S6,LABscanner,4,baseline,baseline,train
LABscanner__BCG4T0-7,G4_S7,LABscanner,4,baseline,baseline,train
LABscanner__BCG4T0-8,G4_S8,LABscanner,4,baseline,baseline,train
LABscanner__BCG4T1-1,G4_S1,LABscanner,4,partial,partial,val
LABscanner__BCG4T1-2,G4_S2,LABscanner,4,partial,partial,train
LABscanner__BCG4T1-3,G4_S3,LABscanner,4,partial,partial,test
LABscanner__BCG4T1-4,G4_S4,LABscanner,4,partial,partial,train
LABscanner__BCG4T1-5,G4_S5,LABscanner,4,partial,partial,train
LABscanner__BCG4T1-6,G4_S6,LABscanner,4,partial,partial,train
LABscanner__BCG4T1-7,G4_S7,LABscanner,4,partial,partial,train
LABscanner__BCG4T1-8,G4_S8,LABscanner,4,partial,partial,train
LABscanner__BCG4T2-1,G4_S1,LABscanner,4,clean,clean,val
LABscanner__BCG4T2-2,G4_S2,LABscanner,4,clean,clean,train
LABscanner__BCG4T2-3,G4_S3,LABscanner,4,clean,clean,test
LABscanner__BCG4T2-4,G4_S4,LABscanner,4,clean,clean,train
LABscanner__BCG4T2-5,G4_S5,LABscanner,4,clean,clean,train
LABscanner__BCG4T2-6,G4_S6,LABscanner,4,clean,clean,train
LABscanner__BCG4T2-7,G4_S7,LABscanner,4,clean,clean,train
LABscanner__BCG4T2-8,G4_S8,LABscanner,4,clean,clean,train
LABscanner__BCG5T0-1,G5_S1,LABscanner,5,baseline,baseline,train
LABscanner__BCG5T0-2,G5_S2,LABscanner,5,baseline,baseline,val
LABscanner__BCG5T0-3,G5_S3,LABscanner,5,baseline,baseline,train
LABscanner__BCG5T0-4,G5_S4,LABscanner,5,baseline,baseline,train
LABscanner__BCG5T0-5,G5_S5,LABscanner,5,baseline,baseline,train
LABscanner__BCG5T0-6,G5_S6,LABscanner,5,baseline,baseline,train
LABscanner__BCG5T0-7,G5_S7,LABscanner,5,baseline,baseline,train
LABscanner__BCG5T0-8,G5_S8,LABscanner,5,baseline,baseline,test
LABscanner__BCG5T1-1,G5_S1,LABscanner,5,partial,partial,train
LABscanner__BCG5T1-2,G5_S2,LABscanner,5,partial,partial,val
LABscanner__BCG5T1-3,G5_S3,LABscanner,5,partial,partial,train
LABscanner__BCG5T1-4,G5_S4,LABscanner,5,partial,partial,train
LABscanner__BCG5T1-5,G5_S5,LABscanner,5,partial,partial,train
LABscanner__BCG5T1-6,G5_S6,LABscanner,5,partial,partial,train
LABscanner__BCG5T1-7,G5_S7,LABscanner,5,partial,partial,train
LABscanner__BCG5T1-8,G5_S8,LABscanner,5,partial,partial,test
LABscanner__BCG5T2-1,G5_S1,LABscanner,5,clean,clean,train
LABscanner__BCG5T2-2,G5_S2,LABscanner,5,clean,clean,val
LABscanner__BCG5T2-3,G5_S3,LABscanner,5,clean,clean,train
LABscanner__BCG5T2-4,G5_S4,LABscanner,5,clean,clean,train
LABscanner__BCG5T2-5,G5_S5,LABscanner,5,clean,clean,train
LABscanner__BCG5T2-6,G5_S6,LABscanner,5,clean,clean,train
LABscanner__BCG5T2-7,G5_S7,LABscanner,5,clean,clean,train
LABscanner__BCG5T2-8,G5_S8,LABscanner,5,clean,clean,test
LABscanner__BCG6T0-1,G6_S1,LABscanner,6,baseline,baseline,train
LABscanner__BCG6T0-2,G6_S2,LABscanner,6,baseline,baseline,test
LABscanner__BCG6T0-3,G6_S3,LABscanner,6,baseline,baseline,train
LABscanner__BCG6T0-4,G6_S4,LABscanner,6,baseline,baseline,val
LABscanner__BCG6T0-5,G6_S5,LABscanner,6,baseline,baseline,train
LABscanner__BCG6T0-6,G6_S6,LABscanner,6,baseline,baseline,train
LABscanner__BCG6T0-7,G6_S7,LABscanner,6,baseline,baseline,train
LABscanner__BCG6T0-8,G6_S8,LABscanner,6,baseline,baseline,train
LABscanner__BCG6T1-1,G6_S1,LABscanner,6,partial,partial,train
LABscanner__BCG6T1-2,G6_S2,LABscanner,6,partial,partial,test
LABscanner__BCG6T1-3,G6_S3,LABscanner,6,partial,partial,train
LABscanner__BCG6T1-4,G6_S4,LABscanner,6,partial,partial,val
LABscanner__BCG6T1-5,G6_S5,LABscanner,6,partial,partial,train
LABscanner__BCG6T1-6,G6_S6,LABscanner,6,partial,partial,train
LABscanner__BCG6T1-7,G6_S7,LABscanner,6,partial,partial,train
LABscanner__BCG6T1-8,G6_S8,LABscanner,6,partial,partial,train
LABscanner__BCG6T2-1,G6_S1,LABscanner,6,clean,clean,train
LABscanner__BCG6T2-2,G6_S2,LABscanner,6,clean,clean,test
LABscanner__BCG6T2-3,G6_S3,LABscanner,6,clean,clean,train
LABscanner__BCG6T2-4,G6_S4,LABscanner,6,clean,clean,val
LABscanner__BCG6T2-5,G6_S5,LABscanner,6,clean,clean,train
LABscanner__BCG6T2-6,G6_S6,LABscanner,6,clean,clean,train
LABscanner__BCG6T2-7,G6_S7,LABscanner,6,clean,clean,train
LABscanner__BCG6T2-8,G6_S8,LABscanner,6,clean,clean,train
TRIOS3__BCG1T0-1,G1_S1,TRIOS3,1,baseline,baseline,train
TRIOS3__BCG1T0-2,G1_S2,TRIOS3,1,baseline,baseline,train
TRIOS3__BCG1T0-3,G1_S3,TRIOS3,1,baseline,baseline,train
TRIOS3__BCG1T0-4,G1_S4,TRIOS3,1,baseline,baseline,test
TRIOS3__BCG1T0-5,G1_S5,TRIOS3,1,baseline,baseline,train
TRIOS3__BCG1T0-6,G1_S6,TRIOS3,1,baseline,baseline,train
TRIOS3__BCG1T0-7,G1_S7,TRIOS3,1,baseline,baseline,val
TRIOS3__BCG1T0-8,G1_S8,TRIOS3,1,baseline,baseline,train
TRIOS3__BCG1T1-1,G1_S1,TRIOS3,1,clean,clean,train
TRIOS3__BCG1T1-2,G1_S2,TRIOS3,1,clean,clean,train
TRIOS3__BCG1T1-3,G1_S3,TRIOS3,1,clean,clean,train
TRIOS3__BCG1T1-4,G1_S4,TRIOS3,1,clean,clean,test
TRIOS3__BCG1T1-5,G1_S5,TRIOS3,1,clean,clean,train
TRIOS3__BCG1T1-6,G1_S6,TRIOS3,1,clean,clean,train
TRIOS3__BCG1T1-7,G1_S7,TRIOS3,1,clean,clean,val
TRIOS3__BCG1T1-8,G1_S8,TRIOS3,1,clean,clean,train
TRIOS3__BCG2T0-1,G2_S1,TRIOS3,2,baseline,baseline,val
TRIOS3__BCG2T0-2,G2_S2,TRIOS3,2,baseline,baseline,train
TRIOS3__BCG2T0-3,G2_S3,TRIOS3,2,baseline,baseline,train
TRIOS3__BCG2T0-4,G2_S4,TRIOS3,2,baseline,baseline,train
TRIOS3__BCG2T0-5,G2_S5,TRIOS3,2,baseline,baseline,test
TRIOS3__BCG2T0-6,G2_S6,TRIOS3,2,baseline,baseline,train
TRIOS3__BCG2T0-7,G2_S7,TRIOS3,2,baseline,baseline,train
TRIOS3__BCG2T0-8,G2_S8,TRIOS3,2,baseline,baseline,train
TRIOS3__BCG2T1-1,G2_S1,TRIOS3,2,clean,clean,val
TRIOS3__BCG2T1-2,G2_S2,TRIOS3,2,clean,clean,train
TRIOS3__BCG2T1-3,G2_S3,TRIOS3,2,clean,clean,train
TRIOS3__BCG2T1-4,G2_S4,TRIOS3,2,clean,clean,train
TRIOS3__BCG2T1-5,G2_S5,TRIOS3,2,clean,clean,test
TRIOS3__BCG2T1-6,G2_S6,TRIOS3,2,clean,clean,train
TRIOS3__BCG2T1-7,G2_S7,TRIOS3,2,clean,clean,train
TRIOS3__BCG2T1-8,G2_S8,TRIOS3,2,clean,clean,train
TRIOS3__BCG3T0-1,G3_S1,TRIOS3,3,baseline,baseline,train
TRIOS3__BCG3T0-2,G3_S2,TRIOS3,3,baseline,baseline,train
TRIOS3__BCG3T0-3,G3_S3,TRIOS3,3,baseline,baseline,test
TRIOS3__BCG3T0-4,G3_S4,TRIOS3,3,baseline,baseline,val
TRIOS3__BCG3T0-5,G3_S5,TRIOS3,3,baseline,baseline,train
TRIOS3__BCG3T0-6,G3_S6,TRIOS3,3,baseline,baseline,train
TRIOS3__BCG3T0-7,G3_S7,TRIOS3,3,baseline,baseline,train
TRIOS3__BCG3T0-8,G3_S8,TRIOS3,3,baseline,baseline,train
TRIOS3__BCG3T1-1,G3_S1,TRIOS3,3,partial,partial,train
TRIOS3__BCG3T1-2,G3_S2,TRIOS3,3,partial,partial,train
TRIOS3__BCG3T1-3,G3_S3,TRIOS3,3,partial,partial,test
TRIOS3__BCG3T1-4,G3_S4,TRIOS3,3,partial,partial,val
TRIOS3__BCG3T1-5,G3_S5,TRIOS3,3,partial,partial,train
TRIOS3__BCG3T1-6,G3_S6,TRIOS3,3,partial,partial,train
TRIOS3__BCG3T1-7,G3_S7,TRIOS3,3,partial,partial,train
TRIOS3__BCG3T1-8,G3_S8,TRIOS3,3,partial,partial,train
TRIOS3__BCG3T2-1,G3_S1,TRIOS3,3,clean,clean,train
TRIOS3__BCG3T2-2,G3_S2,TRIOS3,3,clean,clean,train
TRIOS3__BCG3T2-3,G3_S3,TRIOS3,3,clean,clean,test
TRIOS3__BCG3T2-4,G3_S4,TRIOS3,3,clean,clean,val
TRIOS3__BCG3T2-5,G3_S5,TRIOS3,3,clean,clean,train
TRIOS3__BCG3T2-6,G3_S6,TRIOS3,3,clean,clean,train
TRIOS3__BCG3T2-7,G3_S7,TRIOS3,3,clean,clean,train
TRIOS3__BCG3T2-8,G3_S8,TRIOS3,3,clean,clean,train
TRIOS3__BCG4T0-1,G4_S1,TRIOS3,4,baseline,baseline,val
TRIOS3__BCG4T0-2,G4_S2,TRIOS3,4,baseline,baseline,train
TRIOS3__BCG4T0-3,G4_S3,TRIOS3,4,baseline,baseline,test
TRIOS3__BCG4T0-4,G4_S4,TRIOS3,4,baseline,baseline,train
TRIOS3__BCG4T0-5,G4_S5,TRIOS3,4,baseline,baseline,train
TRIOS3__BCG4T0-6,G4_S6,TRIOS3,4,baseline,baseline,train
TRIOS3__BCG4T0-7,G4_S7,TRIOS3,4,baseline,baseline,train
TRIOS3__BCG4T0-8,G4_S8,TRIOS3,4,baseline,baseline,train
TRIOS3__BCG4T1-1,G4_S1,TRIOS3,4,partial,partial,val
TRIOS3__BCG4T1-2,G4_S2,TRIOS3,4,partial,partial,train
TRIOS3__BCG4T1-3,G4_S3,TRIOS3,4,partial,partial,test
TRIOS3__BCG4T1-4,G4_S4,TRIOS3,4,partial,partial,train
TRIOS3__BCG4T1-5,G4_S5,TRIOS3,4,partial,partial,train
TRIOS3__BCG4T1-6,G4_S6,TRIOS3,4,partial,partial,train
TRIOS3__BCG4T1-7,G4_S7,TRIOS3,4,partial,partial,train
TRIOS3__BCG4T1-8,G4_S8,TRIOS3,4,partial,partial,train
TRIOS3__BCG4T2-1,G4_S1,TRIOS3,4,clean,clean,val
TRIOS3__BCG4T2-2,G4_S2,TRIOS3,4,clean,clean,train
TRIOS3__BCG4T2-3,G4_S3,TRIOS3,4,clean,clean,test
TRIOS3__BCG4T2-4,G4_S4,TRIOS3,4,clean,clean,train
TRIOS3__BCG4T2-5,G4_S5,TRIOS3,4,clean,clean,train
TRIOS3__BCG4T2-6,G4_S6,TRIOS3,4,clean,clean,train
TRIOS3__BCG4T2-7,G4_S7,TRIOS3,4,clean,clean,train
TRIOS3__BCG4T2-8,G4_S8,TRIOS3,4,clean,clean,train
TRIOS3__BCG5T0-1,G5_S1,TRIOS3,5,baseline,baseline,train
TRIOS3__BCG5T0-2,G5_S2,TRIOS3,5,baseline,baseline,val
TRIOS3__BCG5T0-3,G5_S3,TRIOS3,5,baseline,baseline,train
TRIOS3__BCG5T0-4,G5_S4,TRIOS3,5,baseline,baseline,train
TRIOS3__BCG5T0-5,G5_S5,TRIOS3,5,baseline,baseline,train
TRIOS3__BCG5T0-6,G5_S6,TRIOS3,5,baseline,baseline,train
TRIOS3__BCG5T0-7,G5_S7,TRIOS3,5,baseline,baseline,train
TRIOS3__BCG5T0-8,G5_S8,TRIOS3,5,baseline,baseline,test
TRIOS3__BCG5T1-1,G5_S1,TRIOS3,5,partial,partial,train
TRIOS3__BCG5T1-2,G5_S2,TRIOS3,5,partial,partial,val
TRIOS3__BCG5T1-3,G5_S3,TRIOS3,5,partial,partial,train
TRIOS3__BCG5T1-4,G5_S4,TRIOS3,5,partial,partial,train
TRIOS3__BCG5T1-5,G5_S5,TRIOS3,5,partial,partial,train
TRIOS3__BCG5T1-6,G5_S6,TRIOS3,5,partial,partial,train
TRIOS3__BCG5T1-7,G5_S7,TRIOS3,5,partial,partial,train
TRIOS3__BCG5T1-8,G5_S8,TRIOS3,5,partial,partial,test
TRIOS3__BCG5T2-1,G5_S1,TRIOS3,5,clean,clean,train
TRIOS3__BCG5T2-2,G5_S2,TRIOS3,5,clean,clean,val
TRIOS3__BCG5T2-3,G5_S3,TRIOS3,5,clean,clean,train
TRIOS3__BCG5T2-4,G5_S4,TRIOS3,5,clean,clean,train
TRIOS3__BCG5T2-5,G5_S5,TRIOS3,5,clean,clean,train
TRIOS3__BCG5T2-6,G5_S6,TRIOS3,5,clean,clean,train
TRIOS3__BCG5T2-7,G5_S7,TRIOS3,5,clean,clean,train
TRIOS3__BCG5T2-8,G5_S8,TRIOS3,5,clean,clean,test
TRIOS3__BCG6T0-1,G6_S1,TRIOS3,6,baseline,baseline,train
TRIOS3__BCG6T0-2,G6_S2,TRIOS3,6,baseline,baseline,test
TRIOS3__BCG6T0-3,G6_S3,TRIOS3,6,baseline,baseline,train
TRIOS3__BCG6T0-4,G6_S4,TRIOS3,6,baseline,baseline,val
TRIOS3__BCG6T0-5,G6_S5,TRIOS3,6,baseline,baseline,train
TRIOS3__BCG6T0-6,G6_S6,TRIOS3,6,baseline,baseline,train
TRIOS3__BCG6T0-7,G6_S7,TRIOS3,6,baseline,baseline,train
TRIOS3__BCG6T0-8,G6_S8,TRIOS3,6,baseline,baseline,train
TRIOS3__BCG6T1-1,G6_S1,TRIOS3,6,partial,partial,train
TRIOS3__BCG6T1-2,G6_S2,TRIOS3,6,partial,partial,test
TRIOS3__BCG6T1-3,G6_S3,TRIOS3,6,partial,partial,train
TRIOS3__BCG6T1-4,G6_S4,TRIOS3,6,partial,partial,val
TRIOS3__BCG6T1-5,G6_S5,TRIOS3,6,partial,partial,train
TRIOS3__BCG6T1-6,G6_S6,TRIOS3,6,partial,partial,train
TRIOS3__BCG6T1-7,G6_S7,TRIOS3,6,partial,partial,train
TRIOS3__BCG6T1-8,G6_S8,TRIOS3,6,partial,partial,train
TRIOS3__BCG6T2-1,G6_S1,TRIOS3,6,clean,clean,train
TRIOS3__BCG6T2-2,G6_S2,TRIOS3,6,clean,clean,test
TRIOS3__BCG6T2-3,G6_S3,TRIOS3,6,clean,clean,train
TRIOS3__BCG6T2-4,G6_S4,TRIOS3,6,clean,clean,val
TRIOS3__BCG6T2-5,G6_S5,TRIOS3,6,clean,clean,train
TRIOS3__BCG6T2-6,G6_S6,TRIOS3,6,clean,clean,train
TRIOS3__BCG6T2-7,G6_S7,TRIOS3,6,clean,clean,train
TRIOS3__BCG6T2-8,G6_S8,TRIOS3,6,clean,clean,train
TRIOS5__BCG1T0-1,G1_S1,TRIOS5,1,baseline,baseline,train
TRIOS5__BCG1T0-2,G1_S2,TRIOS5,1,baseline,baseline,train
TRIOS5__BCG1T0-3,G1_S3,TRIOS5,1,baseline,baseline,train
TRIOS5__BCG1T0-4,G1_S4,TRIOS5,1,baseline,baseline,test
TRIOS5__BCG1T0-5,G1_S5,TRIOS5,1,baseline,baseline,train
TRIOS5__BCG1T0-6,G1_S6,TRIOS5,1,baseline,baseline,train
TRIOS5__BCG1T0-7,G1_S7,TRIOS5,1,baseline,baseline,val
TRIOS5__BCG1T0-8,G1_S8,TRIOS5,1,baseline,baseline,train
TRIOS5__BCG1T1-1,G1_S1,TRIOS5,1,clean,clean,train
TRIOS5__BCG1T1-2,G1_S2,TRIOS5,1,clean,clean,train
TRIOS5__BCG1T1-3,G1_S3,TRIOS5,1,clean,clean,train
TRIOS5__BCG1T1-4,G1_S4,TRIOS5,1,clean,clean,test
TRIOS5__BCG1T1-5,G1_S5,TRIOS5,1,clean,clean,train
TRIOS5__BCG1T1-6,G1_S6,TRIOS5,1,clean,clean,train
TRIOS5__BCG1T1-7,G1_S7,TRIOS5,1,clean,clean,val
TRIOS5__BCG1T1-8,G1_S8,TRIOS5,1,clean,clean,train
TRIOS5__BCG2T0-1,G2_S1,TRIOS5,2,baseline,baseline,val
TRIOS5__BCG2T0-2,G2_S2,TRIOS5,2,baseline,baseline,train
TRIOS5__BCG2T0-3,G2_S3,TRIOS5,2,baseline,baseline,train
TRIOS5__BCG2T0-4,G2_S4,TRIOS5,2,baseline,baseline,train
TRIOS5__BCG2T0-5,G2_S5,TRIOS5,2,baseline,baseline,test
TRIOS5__BCG2T0-6,G2_S6,TRIOS5,2,baseline,baseline,train
TRIOS5__BCG2T0-7,G2_S7,TRIOS5,2,baseline,baseline,train
TRIOS5__BCG2T0-8,G2_S8,TRIOS5,2,baseline,baseline,train
TRIOS5__BCG2T1-1,G2_S1,TRIOS5,2,clean,clean,val
TRIOS5__BCG2T1-2,G2_S2,TRIOS5,2,clean,clean,train
TRIOS5__BCG2T1-3,G2_S3,TRIOS5,2,clean,clean,train
TRIOS5__BCG2T1-4,G2_S4,TRIOS5,2,clean,clean,train
TRIOS5__BCG2T1-5,G2_S5,TRIOS5,2,clean,clean,test
TRIOS5__BCG2T1-6,G2_S6,TRIOS5,2,clean,clean,train
TRIOS5__BCG2T1-7,G2_S7,TRIOS5,2,clean,clean,train
TRIOS5__BCG2T1-8,G2_S8,TRIOS5,2,clean,clean,train
TRIOS5__BCG3T0-1,G3_S1,TRIOS5,3,baseline,baseline,train
TRIOS5__BCG3T0-2,G3_S2,TRIOS5,3,baseline,baseline,train
TRIOS5__BCG3T0-3,G3_S3,TRIOS5,3,baseline,baseline,test
TRIOS5__BCG3T0-4,G3_S4,TRIOS5,3,baseline,baseline,val
TRIOS5__BCG3T0-5,G3_S5,TRIOS5,3,baseline,baseline,train
TRIOS5__BCG3T0-6,G3_S6,TRIOS5,3,baseline,baseline,train
TRIOS5__BCG3T0-7,G3_S7,TRIOS5,3,baseline,baseline,train
TRIOS5__BCG3T0-8,G3_S8,TRIOS5,3,baseline,baseline,train
TRIOS5__BCG3T1-1,G3_S1,TRIOS5,3,partial,partial,train
TRIOS5__BCG3T1-2,G3_S2,TRIOS5,3,partial,partial,train
TRIOS5__BCG3T1-3,G3_S3,TRIOS5,3,partial,partial,test
TRIOS5__BCG3T1-4,G3_S4,TRIOS5,3,partial,partial,val
TRIOS5__BCG3T1-5,G3_S5,TRIOS5,3,partial,partial,train
TRIOS5__BCG3T1-6,G3_S6,TRIOS5,3,partial,partial,train
TRIOS5__BCG3T1-7,G3_S7,TRIOS5,3,partial,partial,train
TRIOS5__BCG3T1-8,G3_S8,TRIOS5,3,partial,partial,train
TRIOS5__BCG3T2-1,G3_S1,TRIOS5,3,clean,clean,train
TRIOS5__BCG3T2-2,G3_S2,TRIOS5,3,clean,clean,train
TRIOS5__BCG3T2-3,G3_S3,TRIOS5,3,clean,clean,test
TRIOS5__BCG3T2-4,G3_S4,TRIOS5,3,clean,clean,val
TRIOS5__BCG3T2-5,G3_S5,TRIOS5,3,clean,clean,train
TRIOS5__BCG3T2-6,G3_S6,TRIOS5,3,clean,clean,train
TRIOS5__BCG3T2-7,G3_S7,TRIOS5,3,clean,clean,train
TRIOS5__BCG3T2-8,G3_S8,TRIOS5,3,clean,clean,train
TRIOS5__BCG4T0-1,G4_S1,TRIOS5,4,baseline,baseline,val
TRIOS5__BCG4T0-2,G4_S2,TRIOS5,4,baseline,baseline,train
TRIOS5__BCG4T0-3,G4_S3,TRIOS5,4,baseline,baseline,test
TRIOS5__BCG4T0-4,G4_S4,TRIOS5,4,baseline,baseline,train
TRIOS5__BCG4T0-5,G4_S5,TRIOS5,4,baseline,baseline,train
TRIOS5__BCG4T0-6,G4_S6,TRIOS5,4,baseline,baseline,train
TRIOS5__BCG4T0-7,G4_S7,TRIOS5,4,baseline,baseline,train
TRIOS5__BCG4T0-8,G4_S8,TRIOS5,4,baseline,baseline,train
TRIOS5__BCG4T1-1,G4_S1,TRIOS5,4,partial,partial,val
TRIOS5__BCG4T1-2,G4_S2,TRIOS5,4,partial,partial,train
TRIOS5__BCG4T1-3,G4_S3,TRIOS5,4,partial,partial,test
TRIOS5__BCG4T1-4,G4_S4,TRIOS5,4,partial,partial,train
TRIOS5__BCG4T1-5,G4_S5,TRIOS5,4,partial,partial,train
TRIOS5__BCG4T1-6,G4_S6,TRIOS5,4,partial,partial,train
TRIOS5__BCG4T1-7,G4_S7,TRIOS5,4,partial,partial,train
TRIOS5__BCG4T1-8,G4_S8,TRIOS5,4,partial,partial,train
TRIOS5__BCG4T2-1,G4_S1,TRIOS5,4,clean,clean,val
TRIOS5__BCG4T2-2,G4_S2,TRIOS5,4,clean,clean,train
TRIOS5__BCG4T2-3,G4_S3,TRIOS5,4,clean,clean,test
TRIOS5__BCG4T2-4,G4_S4,TRIOS5,4,clean,clean,train
TRIOS5__BCG4T2-5,G4_S5,TRIOS5,4,clean,clean,train
TRIOS5__BCG4T2-6,G4_S6,TRIOS5,4,clean,clean,train
TRIOS5__BCG4T2-7,G4_S7,TRIOS5,4,clean,clean,train
TRIOS5__BCG4T2-8,G4_S8,TRIOS5,4,clean,clean,train
TRIOS5__BCG5T0-1,G5_S1,TRIOS5,5,baseline,baseline,train
TRIOS5__BCG5T0-2,G5_S2,TRIOS5,5,baseline,baseline,val
TRIOS5__BCG5T0-3,G5_S3,TRIOS5,5,baseline,baseline,train
TRIOS5__BCG5T0-4,G5_S4,TRIOS5,5,baseline,baseline,train
TRIOS5__BCG5T0-5,G5_S5,TRIOS5,5,baseline,baseline,train
TRIOS5__BCG5T0-6,G5_S6,TRIOS5,5,baseline,baseline,train
TRIOS5__BCG5T0-7,G5_S7,TRIOS5,5,baseline,baseline,train
TRIOS5__BCG5T0-8,G5_S8,TRIOS5,5,baseline,baseline,test
TRIOS5__BCG5T1-1,G5_S1,TRIOS5,5,partial,partial,train
TRIOS5__BCG5T1-2,G5_S2,TRIOS5,5,partial,partial,val
TRIOS5__BCG5T1-3,G5_S3,TRIOS5,5,partial,partial,train
TRIOS5__BCG5T1-4,G5_S4,TRIOS5,5,partial,partial,train
TRIOS5__BCG5T1-5,G5_S5,TRIOS5,5,partial,partial,train
TRIOS5__BCG5T1-6,G5_S6,TRIOS5,5,partial,partial,train
TRIOS5__BCG5T1-7,G5_S7,TRIOS5,5,partial,partial,train
TRIOS5__BCG5T1-8,G5_S8,TRIOS5,5,partial,partial,test
TRIOS5__BCG5T2-1,G5_S1,TRIOS5,5,clean,clean,train
TRIOS5__BCG5T2-2,G5_S2,TRIOS5,5,clean,clean,val
TRIOS5__BCG5T2-3,G5_S3,TRIOS5,5,clean,clean,train
TRIOS5__BCG5T2-4,G5_S4,TRIOS5,5,clean,clean,train
TRIOS5__BCG5T2-5,G5_S5,TRIOS5,5,clean,clean,train
TRIOS5__BCG5T2-6,G5_S6,TRIOS5,5,clean,clean,train
TRIOS5__BCG5T2-7,G5_S7,TRIOS5,5,clean,clean,train
TRIOS5__BCG5T2-8,G5_S8,TRIOS5,5,clean,clean,test
TRIOS5__BCG6T0-1,G6_S1,TRIOS5,6,baseline,baseline,train
TRIOS5__BCG6T0-2,G6_S2,TRIOS5,6,baseline,baseline,test
TRIOS5__BCG6T0-3,G6_S3,TRIOS5,6,baseline,baseline,train
TRIOS5__BCG6T0-4,G6_S4,TRIOS5,6,baseline,baseline,val
TRIOS5__BCG6T0-5,G6_S5,TRIOS5,6,baseline,baseline,train
TRIOS5__BCG6T0-6,G6_S6,TRIOS5,6,baseline,baseline,train
TRIOS5__BCG6T0-7,G6_S7,TRIOS5,6,baseline,baseline,train
TRIOS5__BCG6T0-8,G6_S8,TRIOS5,6,baseline,baseline,train
TRIOS5__BCG6T1-1,G6_S1,TRIOS5,6,partial,partial,train
TRIOS5__BCG6T1-2,G6_S2,TRIOS5,6,partial,partial,test
TRIOS5__BCG6T1-3,G6_S3,TRIOS5,6,partial,partial,train
TRIOS5__BCG6T1-4,G6_S4,TRIOS5,6,partial,partial,val
TRIOS5__BCG6T1-5,G6_S5,TRIOS5,6,partial,partial,train
TRIOS5__BCG6T1-6,G6_S6,TRIOS5,6,partial,partial,train
TRIOS5__BCG6T1-7,G6_S7,TRIOS5,6,partial,partial,train
TRIOS5__BCG6T1-8,G6_S8,TRIOS5,6,partial,partial,train
TRIOS5__BCG6T2-1,G6_S1,TRIOS5,6,clean,clean,train
TRIOS5__BCG6T2-2,G6_S2,TRIOS5,6,clean,clean,test
TRIOS5__BCG6T2-3,G6_S3,TRIOS5,6,clean,clean,train
TRIOS5__BCG6T2-4,G6_S4,TRIOS5,6,clean,clean,val
TRIOS5__BCG6T2-5,G6_S5,TRIOS5,6,clean,clean,train
TRIOS5__BCG6T2-6,G6_S6,TRIOS5,6,clean,clean,train
TRIOS5__BCG6T2-7,G6_S7,TRIOS5,6,clean,clean,train
TRIOS5__BCG6T2-8,G6_S8,TRIOS5,6,clean,clean,train
